Type,Date,Part of a policing operation,Policing operation,Latitude,Longitude,Gender,Age range,Self-defined ethnicity,Officer-defined ethnicity,Legislation,Object of search,Outcome,Outcome linked to object of search,Removal of more than just outer clothing
Person and Vehicle search,2024-08-01T00:54:06+00:00,,,51.459667,-2.591150,Male,18-24,Mixed/Multiple ethnic groups - White and Black Caribbean,Mixed,Police and Criminal Evidence Act 1984 (section 1),Offensive weapons,A no further action disposal,,False
Person and Vehicle search,2024-08-01T00:54:06+00:00,,,51.459667,-2.591150,Male,18-24,Mixed/Multiple ethnic groups - White and Black African,Mixed,Police and Criminal Evidence Act 1984 (section 1),Offensive weapons,A no further action disposal,,False
Person and Vehicle search,2024-08-01T00:54:06+00:00,,,51.459667,-2.591150,Male,18-24,Mixed/Multiple ethnic groups - White and Black African,Mixed,Police and Criminal Evidence Act 1984 (section 1),Offensive weapons,A no further action disposal,,False
Person search,2024-08-01T05:37:06+00:00,,,50.944936,-2.634059,Female,over 34,White - English/Welsh/Scottish/Northern Irish/British,White,Police and Criminal Evidence Act 1984 (section 1),Offensive weapons,A no further action disposal,True,True
Person search,2024-08-01T05:54:55+00:00,,,,,Male,over 34,White - English/Welsh/Scottish/Northern Irish/British,White,Police and Criminal Evidence Act 1984 (section 1),Article for use in theft,A no further action disposal,,False
Person and Vehicle search,2024-08-01T08:31:21+00:00,,,51.367519,-2.562195,Male,over 34,White - English/Welsh/Scottish/Northern Irish/British,White,Police and Criminal Evidence Act 1984 (section 1),Article for use in theft,A no further action disposal,,False
Person and Vehicle search,2024-08-01T08:31:21+00:00,,,51.367519,-2.562195,Male,over 34,White - Irish,White,Police and Criminal Evidence Act 1984 (section 1),Article for use in theft,A no further action disposal,,False
Person search,2024-08-01T09:39:00+00:00,,,,,Male,over 34,White - English/Welsh/Scottish/Northern Irish/British,White,Misuse of Drugs Act 1971 (section 23),Controlled drugs,A no further action disposal,,False
Person search,2024-08-01T10:40:14+00:00,,,,,Male,18-24,White - English/Welsh/Scottish/Northern Irish/British,White,,,,,
Person search,2024-08-01T11:48:46+00:00,,,51.446148,-2.583162,Male,over 34,White - Irish,White,Police and Criminal Evidence Act 1984 (section 1),Article for use in theft,Arrest,True,False
Vehicle search,2024-08-02T00:00:00+00:00,,,51.474003,-2.557471,,,,,Misuse of Drugs Act 1971 (section 23),Controlled drugs,,,
Person search,2024-08-02T11:56:11+00:00,,,51.460633,-2.586816,Male,over 34,White - English/Welsh/Scottish/Northern Irish/British,White,Police and Criminal Evidence Act 1984 (section 1),Offensive weapons,A no further action disposal,,False
Person search,2024-08-02T17:48:30+00:00,,,51.411661,-2.589352,Male,over 34,White - English/Welsh/Scottish/Northern Irish/British,Black,Police and Criminal Evidence Act 1984 (section 1),Stolen goods,Arrest,,False
Person search,2024-08-02T20:05:15+00:00,,,,,Male,10-17,,,,,,,
Person search,2024-08-02T20:05:15+00:00,,,,,Male,10-17,,,,,,,
Person search,2024-08-02T20:22:12+00:00,,,,,Male,10-17,,,,,,,
Person search,2024-08-02T20:22:12+00:00,,,,,Male,10-17,,,,,,,
Person search,2024-08-02T20:46:45+00:00,,,,,Male,10-17,,,,,,,
Person search,2024-08-02T20:46:45+00:00,,,,,Male,10-17,,,,,,,
Person search,2024-08-02T21:08:15+00:00,,,,,Female,25-34,White - English/Welsh/Scottish/Northern Irish/British,White,Police and Criminal Evidence Act 1984 (section 1),Stolen goods,A no further action disposal,,False
Person search,2024-08-02T22:00:55+00:00,,,51.508216,-2.574641,Male,10-17,White - English/Welsh/Scottish/Northern Irish/British,White,Police and Criminal Evidence Act 1984 (section 1),Articles for use in criminal damage,A no further action disposal,,False
Person search,2024-08-02T22:00:55+00:00,,,51.508216,-2.574641,Male,10-17,White - English/Welsh/Scottish/Northern Irish/British,White,Police and Criminal Evidence Act 1984 (section 1),Article for use in theft,A no further action disposal,,False
Vehicle search,2024-08-03T00:00:00+00:00,,,51.492866,-2.581785,,,,,Misuse of Drugs Act 1971 (section 23),Controlled drugs,A no further action disposal,True,
Person search,2024-08-03T00:02:10+00:00,,,51.371214,-2.400281,Male,10-17,Other ethnic group - Not stated,White,Police and Criminal Evidence Act 1984 (section 1),Article for use in theft,A no further action disposal,,False
Person and Vehicle search,2024-08-03T01:18:15+00:00,,,51.279822,-2.777314,Male,over 34,Other ethnic group - Not stated,White,Misuse of Drugs Act 1971 (section 23),Controlled drugs,A no further action disposal,,False
Person and Vehicle search,2024-08-03T01:18:15+00:00,,,51.278874,-2.773961,Male,18-24,White - English/Welsh/Scottish/Northern Irish/British,White,Misuse of Drugs Act 1971 (section 23),Controlled drugs,A no further action disposal,,False
Person search,2024-08-03T02:37:00+00:00,,,,,Male,10-17,Black/African/Caribbean/Black British - Any other Black/African/Caribbean background,Black,Firearms Act 1968 (section 47),Firearms,Arrest,False,False
Person search,2024-08-03T02:37:00+00:00,,,,,Male,10-17,Other ethnic group - Not stated,Black,Firearms Act 1968 (section 47),Firearms,Arrest,False,False
Person search,2024-08-03T02:37:00+00:00,,,,,Male,10-17,Other ethnic group - Not stated,Black,Firearms Act 1968 (section 47),Firearms,Arrest,False,False
Person and Vehicle search,2024-08-03T04:47:51+00:00,,,51.462570,-2.569754,Male,18-24,Black/African/Caribbean/Black British - Any other Black/African/Caribbean background,Black,Misuse of Drugs Act 1971 (section 23),Controlled drugs,Arrest,,False
Person and Vehicle search,2024-08-03T07:00:50+00:00,,,,,Male,25-34,Other ethnic group - Not stated,Black,Misuse of Drugs Act 1971 (section 23),Controlled drugs,A no further action disposal,,False
Person search,2024-08-03T15:04:22+00:00,,,51.232583,-2.326575,Female,over 34,White - English/Welsh/Scottish/Northern Irish/British,White,Misuse of Drugs Act 1971 (section 23),Controlled drugs,A no further action disposal,,False
Person search,2024-08-03T15:04:22+00:00,,,51.232583,-2.326575,Male,over 34,White - English/Welsh/Scottish/Northern Irish/British,White,Misuse of Drugs Act 1971 (section 23),Controlled drugs,A no further action disposal,,False
Person search,2024-08-03T15:37:50+00:00,,,51.603991,-2.524697,Male,over 34,White - English/Welsh/Scottish/Northern Irish/British,White,Police and Criminal Evidence Act 1984 (section 1),Offensive weapons,A no further action disposal,True,False
Person search,2024-08-03T18:09:10+00:00,,,51.458559,-2.589740,Male,18-24,Other ethnic group - Not stated,White,Misuse of Drugs Act 1971 (section 23),Controlled drugs,Arrest,True,False
Person search,2024-08-03T20:02:20+00:00,,,51.409721,-2.552002,Male,over 34,White - English/Welsh/Scottish/Northern Irish/British,White,Police and Criminal Evidence Act 1984 (section 1),Offensive weapons,Arrest,True,False
Person search,2024-08-03T23:12:47+00:00,,,51.435978,-2.577667,Male,25-34,Black/African/Caribbean/Black British - Any other Black/African/Caribbean background,Black,Misuse of Drugs Act 1971 (section 23),Controlled drugs,Community resolution,True,False
Person search,2024-08-03T23:12:47+00:00,,,51.435978,-2.577667,Male,25-34,Other ethnic group - Not stated,Black,Misuse of Drugs Act 1971 (section 23),Controlled drugs,Community resolution,True,False
Vehicle search,2024-08-04T00:00:00+00:00,,,,,,,,,Police and Criminal Evidence Act 1984 (section 1),Article for use in theft,,True,
Vehicle search,2024-08-04T00:00:00+00:00,,,50.873739,-2.959823,,,,,Misuse of Drugs Act 1971 (section 23),Controlled drugs,,,
Vehicle search,2024-08-04T00:00:00+00:00,,,,,,,,,,,,,
Person search,2024-08-04T00:48:55+00:00,,,51.471362,-2.636351,Male,over 34,White - English/Welsh/Scottish/Northern Irish/British,White,Police and Criminal Evidence Act 1984 (section 1),Articles for use in criminal damage,A no further action disposal,,False
Person search,2024-08-04T01:51:15+00:00,,,,,Male,,Mixed/Multiple ethnic groups - Any other Mixed/Multiple ethnic background,Mixed,Police and Criminal Evidence Act 1984 (section 1),Offensive weapons,A no further action disposal,,False
Person and Vehicle search,2024-08-04T11:17:55+00:00,,,50.948539,-2.619588,Male,25-34,White - English/Welsh/Scottish/Northern Irish/British,White,Misuse of Drugs Act 1971 (section 23),Controlled drugs,A no further action disposal,,False
Person search,2024-08-04T15:32:05+00:00,,,51.456685,-2.586981,Male,18-24,White - English/Welsh/Scottish/Northern Irish/British,White,Criminal Justice and Public Order Act 1994 (section 60),,A no further action disposal,True,False
Person search,2024-08-04T18:14:17+00:00,,,51.404794,-2.614997,Female,over 34,Other ethnic group - Not stated,White,Police and Criminal Evidence Act 1984 (section 1),Offensive weapons,A no further action disposal,,False
Person search,2024-08-04T21:58:50+00:00,,,51.329319,-2.547605,Male,10-17,White - English/Welsh/Scottish/Northern Irish/British,White,Police and Criminal Evidence Act 1984 (section 1),Offensive weapons,A no further action disposal,,False
Person search,2024-08-04T22:16:00+00:00,,,51.485451,-2.586530,Male,18-24,White - English/Welsh/Scottish/Northern Irish/British,White,Police and Criminal Evidence Act 1984 (section 1),Offensive weapons,Arrest,True,False
Person search,2024-08-05T00:15:56+00:00,,,51.485451,-2.586530,Male,18-24,White - English/Welsh/Scottish/Northern Irish/British,White,Police and Criminal Evidence Act 1984 (section 1),Offensive weapons,Arrest,True,False
Person search,2024-08-05T03:50:20+00:00,,,51.461098,-2.598006,Male,25-34,White - English/Welsh/Scottish/Northern Irish/British,White,Police and Criminal Evidence Act 1984 (section 1),Article for use in theft,A no further action disposal,,False
Person search,2024-08-05T10:09:20+00:00,,,51.422199,-2.580427,Male,18-24,White - English/Welsh/Scottish/Northern Irish/British,White,Misuse of Drugs Act 1971 (section 23),Controlled drugs,Community resolution,True,False
Person and Vehicle search,2024-08-05T10:18:27+00:00,,,51.156327,-2.934361,Male,over 34,White - English/Welsh/Scottish/Northern Irish/British,White,Police and Criminal Evidence Act 1984 (section 1),Articles for use in criminal damage,A no further action disposal,,False
Person search,2024-08-05T10:36:15+00:00,,,,,Female,10-17,Other ethnic group - Not stated,White,Police and Criminal Evidence Act 1984 (section 1),Stolen goods,A no further action disposal,,False
Person search,2024-08-05T10:36:17+00:00,,,,,Female,10-17,White - English/Welsh/Scottish/Northern Irish/British,White,Police and Criminal Evidence Act 1984 (section 1),Stolen goods,Arrest,,False
Person and Vehicle search,2024-08-05T10:56:20+00:00,,,51.132697,-2.975988,Male,over 34,White - English/Welsh/Scottish/Northern Irish/British,,Misuse of Drugs Act 1971 (section 23),Controlled drugs,A no further action disposal,,
Person and Vehicle search,2024-08-05T10:56:20+00:00,,,51.132697,-2.975988,Male,over 34,White - English/Welsh/Scottish/Northern Irish/British,White,Misuse of Drugs Act 1971 (section 23),Controlled drugs,A no further action disposal,,False
Person and Vehicle search,2024-08-05T11:00:00+00:00,,,51.132697,-2.975988,Female,over 34,White - English/Welsh/Scottish/Northern Irish/British,White,Misuse of Drugs Act 1971 (section 23),Controlled drugs,A no further action disposal,,False
Person and Vehicle search,2024-08-05T17:38:25+00:00,,,51.430233,-2.473466,Female,18-24,White - English/Welsh/Scottish/Northern Irish/British,White,Misuse of Drugs Act 1971 (section 23),Controlled drugs,Arrest,True,False
Person search,2024-08-05T22:02:00+00:00,,,51.378898,-2.357229,Male,over 34,Other ethnic group - Not stated,White,Misuse of Drugs Act 1971 (section 23),Controlled drugs,A no further action disposal,,False
Vehicle search,2024-08-06T00:00:00+00:00,,,,,,,,,Misuse of Drugs Act 1971 (section 23),Controlled drugs,,,
Person search,2024-08-06T01:06:05+00:00,,,51.237245,-2.961354,Male,25-34,White - English/Welsh/Scottish/Northern Irish/British,White,Police and Criminal Evidence Act 1984 (section 1),Article for use in theft,A no further action disposal,,False
Person search,2024-08-06T01:06:05+00:00,,,51.237245,-2.961354,Female,25-34,White - English/Welsh/Scottish/Northern Irish/British,White,Police and Criminal Evidence Act 1984 (section 1),Article for use in theft,A no further action disposal,,False
Person search,2024-08-06T01:06:05+00:00,,,51.237245,-2.961354,Male,25-34,White - English/Welsh/Scottish/Northern Irish/British,White,Police and Criminal Evidence Act 1984 (section 1),Article for use in theft,A no further action disposal,,False
Person search,2024-08-06T02:02:25+00:00,,,51.429890,-2.625130,Male,25-34,White - English/Welsh/Scottish/Northern Irish/British,White,Police and Criminal Evidence Act 1984 (section 1),Article for use in theft,Arrest,False,False
Person search,2024-08-06T02:22:30+00:00,,,51.450484,-2.494700,Male,10-17,White - English/Welsh/Scottish/Northern Irish/British,White,Police and Criminal Evidence Act 1984 (section 1),Article for use in theft,A no further action disposal,,False
Person search,2024-08-06T02:22:30+00:00,,,51.450484,-2.494700,Male,,White - English/Welsh/Scottish/Northern Irish/British,White,Police and Criminal Evidence Act 1984 (section 1),Articles for use in criminal damage,A no further action disposal,,False
Person search,2024-08-06T02:22:30+00:00,,,51.450484,-2.494700,Male,10-17,Other ethnic group - Not stated,Mixed,Police and Criminal Evidence Act 1984 (section 1),Article for use in theft,A no further action disposal,,False
Person search,2024-08-06T02:57:45+00:00,,,,,Male,25-34,White - English/Welsh/Scottish/Northern Irish/British,White,Police and Criminal Evidence Act 1984 (section 1),Article for use in theft,A no further action disposal,True,False
Person search,2024-08-06T10:48:05+00:00,,,51.404473,-2.597152,Male,10-17,White - English/Welsh/Scottish/Northern Irish/British,White,Police and Criminal Evidence Act 1984 (section 1),Offensive weapons,Arrest,True,False
Person search,2024-08-06T13:03:06+00:00,,,51.456790,-2.580232,Male,18-24,,,Criminal Justice and Public Order Act 1994 (section 60),Anything to threaten or harm anyone,A no further action disposal,,False
Person search,2024-08-06T13:03:06+00:00,,,51.454985,-2.588801,Male,10-17,Other ethnic group - Not stated,Asian,Police and Criminal Evidence Act 1984 (section 1),Offensive weapons,A no further action disposal,False,False
Person search,2024-08-06T13:03:06+00:00,,,51.458216,-2.577372,Male,over 34,White - English/Welsh/Scottish/Northern Irish/British,White,Criminal Justice and Public Order Act 1994 (section 60),Offensive weapons,A no further action disposal,False,False
Person search,2024-08-06T13:03:06+00:00,,,,,Male,,Other ethnic group - Not stated,Asian,Criminal Justice and Public Order Act 1994 (section 60),Anything to threaten or harm anyone,A no further action disposal,False,False
Person search,2024-08-06T13:03:06+00:00,,,,,Male,18-24,,Asian,Criminal Justice and Public Order Act 1994 (section 60),Anything to threaten or harm anyone,A no further action disposal,False,False
Person search,2024-08-06T13:33:12+00:00,,,51.513580,-2.626016,Female,over 34,White - English/Welsh/Scottish/Northern Irish/British,White,Misuse of Drugs Act 1971 (section 23),Controlled drugs,A no further action disposal,,False
Person search,2024-08-06T18:40:55+00:00,,,51.457519,-2.506420,Male,10-17,White - English/Welsh/Scottish/Northern Irish/British,White,Police and Criminal Evidence Act 1984 (section 1),Article for use in theft,Khat or Cannabis warning,False,False
Person search,2024-08-06T20:32:35+00:00,,,51.471506,-2.593521,Male,over 34,White - English/Welsh/Scottish/Northern Irish/British,White,Police and Criminal Evidence Act 1984 (section 1),Offensive weapons,A no further action disposal,False,False
Person search,2024-08-06T21:36:35+00:00,,,,,Male,over 34,Other ethnic group - Not stated,White,Misuse of Drugs Act 1971 (section 23),Controlled drugs,Arrest,True,False
Person search,2024-08-07T00:42:35+00:00,,,51.380457,-2.358922,Male,25-34,White - English/Welsh/Scottish/Northern Irish/British,White,Firearms Act 1968 (section 47),Offensive weapons,A no further action disposal,,False
Person search,2024-08-07T00:42:35+00:00,,,51.380457,-2.358922,Female,over 34,White - English/Welsh/Scottish/Northern Irish/British,White,Firearms Act 1968 (section 47),Firearms,A no further action disposal,,False
Person search,2024-08-07T02:16:25+00:00,,,51.403591,-2.582937,Male,10-17,Mixed/Multiple ethnic groups - Any other Mixed/Multiple ethnic background,Black,Police and Criminal Evidence Act 1984 (section 1),Article for use in theft,Arrest,True,False
Person search,2024-08-07T02:16:25+00:00,,,51.406093,-2.571582,Male,10-17,White - English/Welsh/Scottish/Northern Irish/British,White,Police and Criminal Evidence Act 1984 (section 1),Stolen goods,Arrest,,False
Person search,2024-08-07T04:47:45+00:00,,,51.540506,-2.423754,Male,18-24,Other ethnic group - Not stated,White,Police and Criminal Evidence Act 1984 (section 1),Articles for use in criminal damage,Arrest,,False
Person search,2024-08-07T15:49:18+00:00,,,51.360370,-2.911118,Female,over 34,White - English/Welsh/Scottish/Northern Irish/British,White,Police and Criminal Evidence Act 1984 (section 1),Stolen goods,Arrest,,False
Person search,2024-08-07T15:49:18+00:00,,,51.360370,-2.911118,Female,over 34,White - English/Welsh/Scottish/Northern Irish/British,White,Police and Criminal Evidence Act 1984 (section 1),Stolen goods,Arrest,True,False
Person search,2024-08-07T17:18:17+00:00,,,,,Male,25-34,White - English/Welsh/Scottish/Northern Irish/British,White,Criminal Justice and Public Order Act 1994 (section 60),Anything to threaten or harm anyone,A no further action disposal,,False
Person search,2024-08-07T17:18:17+00:00,,,50.937096,-2.633810,Male,18-24,White - English/Welsh/Scottish/Northern Irish/British,White,Criminal Justice and Public Order Act 1994 (section 60),Anything to threaten or harm anyone,A no further action disposal,,False
Person search,2024-08-07T17:18:17+00:00,,,50.937096,-2.633810,Male,25-34,,White,Criminal Justice and Public Order Act 1994 (section 60),Offensive weapons,A no further action disposal,,False
Person search,2024-08-07T18:09:52+00:00,,,51.223332,-2.984234,Female,10-17,White - English/Welsh/Scottish/Northern Irish/British,White,Police and Criminal Evidence Act 1984 (section 1),Article for use in theft,A no further action disposal,,False
Person search,2024-08-07T20:27:15+00:00,,,51.453850,-2.592874,Male,25-34,,,Misuse of Drugs Act 1971 (section 23),Controlled drugs,Arrest,True,False
Person and Vehicle search,2024-08-07T21:05:30+00:00,,,51.407714,-2.512756,,25-34,White - Any other White background,White,Misuse of Drugs Act 1971 (section 23),Controlled drugs,Arrest,,False
Person search,2024-08-07T21:42:30+00:00,,,,,Male,over 34,Other ethnic group - Not stated,White,Criminal Justice and Public Order Act 1994 (section 60),Anything to threaten or harm anyone,Community resolution,True,False
Person and Vehicle search,2024-08-07T23:10:05+00:00,,,51.466721,-2.570353,Male,18-24,Black/African/Caribbean/Black British - Any other Black/African/Caribbean background,Black,Misuse of Drugs Act 1971 (section 23),Controlled drugs,Community resolution,True,False
Person search,2024-08-07T23:33:05+00:00,,,51.025796,-3.099436,Male,18-24,White - English/Welsh/Scottish/Northern Irish/British,White,Police and Criminal Evidence Act 1984 (section 1),Offensive weapons,A no further action disposal,,False
Person search,2024-08-08T01:15:11+00:00,,,51.456790,-2.580232,Male,18-24,White - English/Welsh/Scottish/Northern Irish/British,White,Criminal Justice and Public Order Act 1994 (section 60),Offensive weapons,Community resolution,False,False
Person search,2024-08-08T02:58:00+00:00,,,51.531722,-2.557052,Male,25-34,White - English/Welsh/Scottish/Northern Irish/British,White,Police and Criminal Evidence Act 1984 (section 1),Article for use in theft,A no further action disposal,,False
Person search,2024-08-08T02:58:00+00:00,,,51.531722,-2.557052,Female,18-24,White - English/Welsh/Scottish/Northern Irish/British,White,Police and Criminal Evidence Act 1984 (section 1),Article for use in theft,A no further action disposal,,False
Person search,2024-08-08T03:46:10+00:00,,,51.475816,-2.591258,Male,over 34,White - English/Welsh/Scottish/Northern Irish/British,White,Police and Criminal Evidence Act 1984 (section 1),Article for use in theft,Arrest,True,False
Person search,2024-08-08T06:15:11+00:00,,,,,Male,over 34,Black/African/Caribbean/Black British - African,Black,Police and Criminal Evidence Act 1984 (section 1),Anything to threaten or harm anyone,A no further action disposal,,False
Person search,2024-08-08T10:05:00+00:00,,,51.489826,-2.574588,Male,25-34,Other ethnic group - Any other ethnic group,Other,Misuse of Drugs Act 1971 (section 23),Controlled drugs,Arrest,,False
Person search,2024-08-08T18:34:50+00:00,,,51.441160,-2.558596,Male,10-17,White - English/Welsh/Scottish/Northern Irish/British,White,Police and Criminal Evidence Act 1984 (section 1),Articles for use in criminal damage,A no further action disposal,,False
Person search,2024-08-08T18:34:50+00:00,,,51.441160,-2.558596,Male,10-17,White - English/Welsh/Scottish/Northern Irish/British,White,Police and Criminal Evidence Act 1984 (section 1),Articles for use in criminal damage,A no further action disposal,,False
Person search,2024-08-08T18:50:52+00:00,,,51.347233,-2.975759,Male,18-24,Other ethnic group - Not stated,White,Misuse of Drugs Act 1971 (section 23),Controlled drugs,A no further action disposal,,False
Person search,2024-08-08T20:23:52+00:00,,,51.405104,-2.609006,Male,10-17,White - English/Welsh/Scottish/Northern Irish/British,,Police and Criminal Evidence Act 1984 (section 1),Offensive weapons,A no further action disposal,,False
Person search,2024-08-08T20:23:52+00:00,,,51.405104,-2.609006,Male,10-17,White - English/Welsh/Scottish/Northern Irish/British,,Police and Criminal Evidence Act 1984 (section 1),Offensive weapons,A no further action disposal,,False
Person search,2024-08-08T21:02:10+00:00,,,51.491738,-2.605594,Male,18-24,White - English/Welsh/Scottish/Northern Irish/British,White,Misuse of Drugs Act 1971 (section 23),Controlled drugs,A no further action disposal,,False
Person search,2024-08-08T21:02:10+00:00,,,51.491738,-2.605594,Male,18-24,White - English/Welsh/Scottish/Northern Irish/British,White,Misuse of Drugs Act 1971 (section 23),Controlled drugs,Khat or Cannabis warning,True,False
Person search,2024-08-08T21:11:40+00:00,,,51.440493,-2.614685,Male,10-17,White - English/Welsh/Scottish/Northern Irish/British,White,Police and Criminal Evidence Act 1984 (section 1),Article for use in theft,A no further action disposal,,False
Person search,2024-08-08T21:11:40+00:00,,,51.440493,-2.614685,Male,10-17,White - English/Welsh/Scottish/Northern Irish/British,White,Police and Criminal Evidence Act 1984 (section 1),Article for use in theft,A no further action disposal,,False
Person and Vehicle search,2024-08-08T21:49:00+00:00,,,51.434785,-2.578903,Male,25-34,Mixed/Multiple ethnic groups - Any other Mixed/Multiple ethnic background,Mixed,Misuse of Drugs Act 1971 (section 23),Controlled drugs,Khat or Cannabis warning,True,False
Person and Vehicle search,2024-08-08T22:17:55+00:00,,,51.134260,-2.993244,Male,25-34,Other ethnic group - Not stated,White,Misuse of Drugs Act 1971 (section 23),Controlled drugs,Community resolution,True,False
Person search,2024-08-09T01:17:20+00:00,,,51.478340,-2.685737,Male,10-17,Other ethnic group - Not stated,Black,Police and Criminal Evidence Act 1984 (section 1),Article for use in theft,Arrest,,False
Person and Vehicle search,2024-08-09T02:37:23+00:00,,,51.133884,-2.990920,Male,18-24,White - English/Welsh/Scottish/Northern Irish/British,White,Misuse of Drugs Act 1971 (section 23),Controlled drugs,A no further action disposal,True,False
Person search,2024-08-09T03:13:34+00:00,,,,,Male,over 34,Mixed/Multiple ethnic groups - White and Black Caribbean,Mixed,Misuse of Drugs Act 1971 (section 23),Controlled drugs,Community resolution,True,False
Person search,2024-08-09T06:00:30+00:00,,,51.505147,-2.615498,Male,over 34,White - English/Welsh/Scottish/Northern Irish/British,White,Police and Criminal Evidence Act 1984 (section 1),Article for use in theft,A no further action disposal,,False
Person search,2024-08-09T10:00:50+00:00,,,51.460611,-2.569413,Female,over 34,Other ethnic group - Not stated,,Misuse of Drugs Act 1971 (section 23),Controlled drugs,Arrest,,False
Person search,2024-08-09T13:10:00+00:00,,,51.443759,-2.595117,Male,over 34,Other ethnic group - Any other ethnic group,White,Police and Criminal Evidence Act 1984 (section 1),Offensive weapons,A no further action disposal,,False
Person search,2024-08-09T13:59:52+00:00,,,50.883462,-2.795848,Male,18-24,White - English/Welsh/Scottish/Northern Irish/British,White,Misuse of Drugs Act 1971 (section 23),Controlled drugs,Community resolution,True,False
Person search,2024-08-09T14:34:02+00:00,,,51.547747,-2.647627,Male,18-24,White - English/Welsh/Scottish/Northern Irish/British,White,Police and Criminal Evidence Act 1984 (section 1),Article for use in theft,A no further action disposal,,True
Person search,2024-08-09T15:52:16+00:00,,,50.883699,-2.794047,Male,10-17,Other ethnic group - Not stated,White,Misuse of Drugs Act 1971 (section 23),Controlled drugs,A no further action disposal,,False
Person search,2024-08-09T17:07:35+00:00,,,51.460246,-2.505889,Male,10-17,White - English/Welsh/Scottish/Northern Irish/British,White,Police and Criminal Evidence Act 1984 (section 1),Articles for use in criminal damage,A no further action disposal,,False
Person search,2024-08-09T17:07:35+00:00,,,51.460246,-2.505889,Male,10-17,White - English/Welsh/Scottish/Northern Irish/British,White,Police and Criminal Evidence Act 1984 (section 1),Articles for use in criminal damage,A no further action disposal,,False
Person search,2024-08-09T17:07:35+00:00,,,51.460246,-2.505889,Male,10-17,White - English/Welsh/Scottish/Northern Irish/British,White,Police and Criminal Evidence Act 1984 (section 1),Articles for use in criminal damage,A no further action disposal,,False
Person and Vehicle search,2024-08-09T18:17:52+00:00,,,,,Male,18-24,Mixed/Multiple ethnic groups - White and Asian,Mixed,Police and Criminal Evidence Act 1984 (section 1),Offensive weapons,A no further action disposal,False,False
Person and Vehicle search,2024-08-09T18:17:52+00:00,,,,,Male,18-24,,Other,Police and Criminal Evidence Act 1984 (section 1),Offensive weapons,A no further action disposal,False,False
Person and Vehicle search,2024-08-09T20:37:50+00:00,,,51.475816,-2.591258,Male,25-34,White - Any other White background,White,Misuse of Drugs Act 1971 (section 23),Controlled drugs,A no further action disposal,,True
Person search,2024-08-09T21:09:40+00:00,,,51.349175,-2.952897,Male,25-34,Other ethnic group - Not stated,Mixed,Police and Criminal Evidence Act 1984 (section 1),Offensive weapons,Arrest,,False
Person search,2024-08-09T21:38:30+00:00,,,51.126518,-3.001666,Male,,Other ethnic group - Not stated,White,Misuse of Drugs Act 1971 (section 23),Controlled drugs,A no further action disposal,,False
Person search,2024-08-09T21:38:30+00:00,,,51.126518,-3.001666,Male,over 34,White - English/Welsh/Scottish/Northern Irish/British,White,Misuse of Drugs Act 1971 (section 23),Controlled drugs,A no further action disposal,,False
Person search,2024-08-09T21:38:30+00:00,,,51.126518,-3.001666,Male,,Other ethnic group - Not stated,White,Misuse of Drugs Act 1971 (section 23),Controlled drugs,A no further action disposal,,False
Person search,2024-08-09T21:38:30+00:00,,,51.126518,-3.001666,Male,over 34,Other ethnic group - Not stated,White,Misuse of Drugs Act 1971 (section 23),Controlled drugs,Summons / charged by post,True,False
Person search,2024-08-09T21:38:30+00:00,,,51.126518,-3.001666,Male,over 34,Other ethnic group - Not stated,White,Misuse of Drugs Act 1971 (section 23),Controlled drugs,A no further action disposal,,False
Person search,2024-08-09T21:38:30+00:00,,,51.126518,-3.001666,Male,25-34,Other ethnic group - Not stated,White,Misuse of Drugs Act 1971 (section 23),Controlled drugs,A no further action disposal,,False
Person search,2024-08-09T21:38:30+00:00,,,51.126518,-3.001666,Male,,White - English/Welsh/Scottish/Northern Irish/British,White,Misuse of Drugs Act 1971 (section 23),Controlled drugs,A no further action disposal,,False
Person search,2024-08-09T21:38:30+00:00,,,51.126518,-3.001666,Male,over 34,White - English/Welsh/Scottish/Northern Irish/British,White,Misuse of Drugs Act 1971 (section 23),Controlled drugs,A no further action disposal,,False
Person search,2024-08-10T00:07:30+00:00,,,51.381466,-2.364045,Male,18-24,White - Any other White background,White,Misuse of Drugs Act 1971 (section 23),Controlled drugs,Arrest,True,True
Person search,2024-08-10T01:05:15+00:00,,,,,Male,10-17,White - English/Welsh/Scottish/Northern Irish/British,White,Police and Criminal Evidence Act 1984 (section 1),Offensive weapons,A no further action disposal,,False
Person search,2024-08-10T01:14:35+00:00,,,,,Male,10-17,White - English/Welsh/Scottish/Northern Irish/British,White,Police and Criminal Evidence Act 1984 (section 1),Article for use in theft,A no further action disposal,,False
Person search,2024-08-10T01:14:35+00:00,,,51.463961,-2.616339,Male,18-24,Other ethnic group - Not stated,White,Police and Criminal Evidence Act 1984 (section 1),Article for use in theft,A no further action disposal,,False
Person search,2024-08-10T01:14:35+00:00,,,51.463961,-2.616339,Male,10-17,Other ethnic group - Not stated,White,Police and Criminal Evidence Act 1984 (section 1),Article for use in theft,A no further action disposal,,False
Person search,2024-08-10T01:36:10+00:00,,,,,Male,10-17,Black/African/Caribbean/Black British - Any other Black/African/Caribbean background,Black,Police and Criminal Evidence Act 1984 (section 1),Offensive weapons,A no further action disposal,,False
Person search,2024-08-10T01:41:45+00:00,,,51.127506,-3.004931,Male,18-24,White - English/Welsh/Scottish/Northern Irish/British,White,Police and Criminal Evidence Act 1984 (section 1),Offensive weapons,Arrest,False,False
Person search,2024-08-10T12:29:52+00:00,,,51.487007,-2.753285,Male,10-17,Other ethnic group - Not stated,Mixed,Police and Criminal Evidence Act 1984 (section 1),Offensive weapons,,,False
Person search,2024-08-10T16:14:25+00:00,,,50.942528,-2.628674,Female,10-17,White - English/Welsh/Scottish/Northern Irish/British,White,Police and Criminal Evidence Act 1984 (section 1),Offensive weapons,A no further action disposal,,False
Person search,2024-08-10T16:14:25+00:00,,,50.942528,-2.628674,Male,10-17,White - English/Welsh/Scottish/Northern Irish/British,White,Police and Criminal Evidence Act 1984 (section 1),Offensive weapons,A no further action disposal,,False
Person search,2024-08-10T17:58:00+00:00,,,50.942105,-2.633778,Male,over 34,White - English/Welsh/Scottish/Northern Irish/British,White,Criminal Justice and Public Order Act 1994 (section 60),Offensive weapons,Arrest,True,False
Person search,2024-08-10T18:26:50+00:00,,,50.943534,-2.622240,Male,over 34,White - English/Welsh/Scottish/Northern Irish/British,White,Criminal Justice and Public Order Act 1994 (section 60),Offensive weapons,A no further action disposal,,False
Vehicle search,2024-08-11T00:00:00+00:00,,,51.128125,-2.984981,,,,,Police and Criminal Evidence Act 1984 (section 1),Anything to threaten or harm anyone,A no further action disposal,True,
Person search,2024-08-11T02:23:50+00:00,,,51.453765,-2.631486,Female,18-24,White - English/Welsh/Scottish/Northern Irish/British,White,Police and Criminal Evidence Act 1984 (section 1),Offensive weapons,A no further action disposal,True,False
Person search,2024-08-11T06:04:40+00:00,,,51.469879,-2.595256,Male,25-34,Asian/Asian British - Any other Asian background,Asian,Police and Criminal Evidence Act 1984 (section 1),Evidence of offences under the Act,A no further action disposal,,False
Person search,2024-08-11T11:51:17+00:00,,,,,Male,25-34,White - Irish,White,,,,,
Person search,2024-08-11T14:25:13+00:00,,,51.525403,-2.598546,Female,over 34,White - English/Welsh/Scottish/Northern Irish/British,White,Police and Criminal Evidence Act 1984 (section 1),Article for use in theft,A no further action disposal,True,False
Person search,2024-08-11T19:05:52+00:00,,,,,Male,10-17,,,,,,,
Person search,2024-08-11T19:05:52+00:00,,,,,Male,10-17,,,,,,,
Person search,2024-08-11T19:05:52+00:00,,,,,Male,10-17,,,,,,,
Person search,2024-08-11T21:05:26+00:00,,,51.014517,-3.106354,Male,over 34,White - English/Welsh/Scottish/Northern Irish/British,White,Police and Criminal Evidence Act 1984 (section 1),Stolen goods,Summons / charged by post,True,False
Person and Vehicle search,2024-08-11T21:15:20+00:00,,,,,Male,18-24,Other ethnic group - Not stated,White,Misuse of Drugs Act 1971 (section 23),Controlled drugs,A no further action disposal,,False
Person and Vehicle search,2024-08-11T21:15:20+00:00,,,,,Male,18-24,Other ethnic group - Not stated,White,Misuse of Drugs Act 1971 (section 23),Controlled drugs,Community resolution,True,False
Person and Vehicle search,2024-08-11T21:15:20+00:00,,,,,Male,18-24,White - English/Welsh/Scottish/Northern Irish/British,White,Misuse of Drugs Act 1971 (section 23),Controlled drugs,A no further action disposal,,False
Vehicle search,2024-08-12T00:00:00+00:00,,,,,,,,,,,,,
Vehicle search,2024-08-12T00:00:00+00:00,,,51.525605,-2.595396,,,,,Police and Criminal Evidence Act 1984 (section 1),Stolen goods,A no further action disposal,True,
Person search,2024-08-12T02:42:32+00:00,,,51.413537,-2.498989,Male,10-17,White - English/Welsh/Scottish/Northern Irish/British,White,Police and Criminal Evidence Act 1984 (section 1),Article for use in theft,A no further action disposal,,False
Person search,2024-08-12T03:49:16+00:00,,,51.461000,-2.581840,Male,18-24,Mixed/Multiple ethnic groups - White and Black African,Black,Misuse of Drugs Act 1971 (section 23),Controlled drugs,A no further action disposal,,True
Person search,2024-08-12T03:49:55+00:00,,,,,Male,over 34,White - English/Welsh/Scottish/Northern Irish/British,White,,,,,
Person search,2024-08-12T03:49:55+00:00,,,,,Male,over 34,Black/African/Caribbean/Black British - African,,,,,,
Person search,2024-08-12T05:06:50+00:00,,,51.464812,-2.596140,Male,over 34,White - English/Welsh/Scottish/Northern Irish/British,White,Police and Criminal Evidence Act 1984 (section 1),Stolen goods,Arrest,True,False
Person search,2024-08-12T05:32:07+00:00,,,51.459290,-2.576637,Male,over 34,White - English/Welsh/Scottish/Northern Irish/British,White,Misuse of Drugs Act 1971 (section 23),Controlled drugs,A no further action disposal,,False
Person search,2024-08-12T05:48:59+00:00,,,,,Male,over 34,Other ethnic group - Any other ethnic group,Asian,Police and Criminal Evidence Act 1984 (section 1),Articles for use in criminal damage,A no further action disposal,,False
Person search,2024-08-12T14:40:05+00:00,,,51.464364,-2.568639,Male,over 34,Other ethnic group - Not stated,White,Misuse of Drugs Act 1971 (section 23),Controlled drugs,A no further action disposal,,False
Person search,2024-08-12T17:37:35+00:00,,,,,Male,25-34,White - English/Welsh/Scottish/Northern Irish/British,White,,,,,
Person search,2024-08-12T18:15:56+00:00,,,51.439621,-2.599035,Male,18-24,Other ethnic group - Not stated,Black,Misuse of Drugs Act 1971 (section 23),Controlled drugs,A no further action disposal,,False
Person search,2024-08-12T19:01:45+00:00,,,51.128048,-3.005629,Female,over 34,White - English/Welsh/Scottish/Northern Irish/British,White,Police and Criminal Evidence Act 1984 (section 1),Stolen goods,A no further action disposal,,False
Person search,2024-08-12T19:01:45+00:00,,,51.128048,-3.005629,Male,over 34,White - English/Welsh/Scottish/Northern Irish/British,White,Police and Criminal Evidence Act 1984 (section 1),Stolen goods,A no further action disposal,,False
Person search,2024-08-12T19:13:35+00:00,,,51.018355,-3.087398,Female,25-34,Other ethnic group - Not stated,Black,Misuse of Drugs Act 1971 (section 23),Controlled drugs,A no further action disposal,,False
Person search,2024-08-12T23:13:52+00:00,,,51.459476,-2.584368,Female,,Asian/Asian British - Indian,Asian,Police and Criminal Evidence Act 1984 (section 1),Stolen goods,A no further action disposal,True,False
Person and Vehicle search,2024-08-12T23:52:20+00:00,,,51.300361,-2.456393,Female,18-24,White - English/Welsh/Scottish/Northern Irish/British,White,Misuse of Drugs Act 1971 (section 23),Controlled drugs,A no further action disposal,,False
Person and Vehicle search,2024-08-12T23:52:20+00:00,,,,,Male,18-24,White - English/Welsh/Scottish/Northern Irish/British,White,Misuse of Drugs Act 1971 (section 23),Controlled drugs,Khat or Cannabis warning,True,False
Person search,2024-08-13T01:22:10+00:00,,,51.022094,-3.102941,Male,over 34,White - English/Welsh/Scottish/Northern Irish/British,White,Police and Criminal Evidence Act 1984 (section 1),Offensive weapons,A no further action disposal,,False
Person and Vehicle search,2024-08-13T01:59:50+00:00,,,51.500631,-2.578988,Male,25-34,White - Any other White background,White,Misuse of Drugs Act 1971 (section 23),Controlled drugs,Arrest,True,False
Person search,2024-08-13T05:58:55+00:00,,,51.023324,-3.103084,Male,10-17,White - English/Welsh/Scottish/Northern Irish/British,Black,Police and Criminal Evidence Act 1984 (section 1),Offensive weapons,Arrest,,False
Person and Vehicle search,2024-08-13T10:39:30+00:00,,,51.456118,-2.581562,Male,25-34,Mixed/Multiple ethnic groups - White and Asian,Mixed,Misuse of Drugs Act 1971 (section 23),Anything to threaten or harm anyone,A no further action disposal,,False
Person search,2024-08-13T11:08:34+00:00,,,,,Male,25-34,Black/African/Caribbean/Black British - Caribbean,Black,,,,,
Person search,2024-08-13T11:55:00+00:00,,,51.133012,-2.996161,Male,25-34,White - English/Welsh/Scottish/Northern Irish/British,White,Misuse of Drugs Act 1971 (section 23),Controlled drugs,A no further action disposal,,False
Person search,2024-08-13T15:13:52+00:00,,,51.356887,-2.947801,Male,18-24,Mixed/Multiple ethnic groups - Any other Mixed/Multiple ethnic background,Mixed,Police and Criminal Evidence Act 1984 (section 1),Offensive weapons,Arrest,False,False
Person search,2024-08-13T15:35:31+00:00,,,,,Male,10-17,White - English/Welsh/Scottish/Northern Irish/British,White,Police and Criminal Evidence Act 1984 (section 1),Offensive weapons,A no further action disposal,True,False
Person search,2024-08-13T15:35:31+00:00,,,51.457279,-2.581519,Male,10-17,White - English/Welsh/Scottish/Northern Irish/British,White,Police and Criminal Evidence Act 1984 (section 1),Offensive weapons,Arrest,True,False
Person search,2024-08-13T15:35:31+00:00,,,51.457279,-2.581519,Male,10-17,Black/African/Caribbean/Black British - Caribbean,Black,Police and Criminal Evidence Act 1984 (section 1),Offensive weapons,A no further action disposal,True,False
Person search,2024-08-13T22:17:15+00:00,,,51.014054,-3.103933,Male,10-17,White - English/Welsh/Scottish/Northern Irish/British,White,Police and Criminal Evidence Act 1984 (section 1),Article for use in theft,A no further action disposal,,False
Person search,2024-08-13T22:17:15+00:00,,,51.014054,-3.103933,Male,10-17,Other ethnic group - Not stated,White,Police and Criminal Evidence Act 1984 (section 1),Article for use in theft,Community resolution,,False
Person search,2024-08-14T06:28:05+00:00,,,51.388367,-2.362835,,,Other ethnic group - Not stated,White,Police and Criminal Evidence Act 1984 (section 1),Offensive weapons,A no further action disposal,,False
Person search,2024-08-14T11:09:57+00:00,,,51.344983,-2.935308,Male,over 34,White - English/Welsh/Scottish/Northern Irish/British,White,Police and Criminal Evidence Act 1984 (section 1),Articles for use in criminal damage,Arrest,True,False
Person search,2024-08-14T11:26:40+00:00,,,51.526340,-2.570503,Male,over 34,Other ethnic group - Not stated,Asian,Misuse of Drugs Act 1971 (section 23),Controlled drugs,A no further action disposal,True,False
Person search,2024-08-14T11:27:56+00:00,,,51.449331,-2.588470,Male,over 34,Other ethnic group - Not stated,White,Police and Criminal Evidence Act 1984 (section 1),Article for use in theft,A no further action disposal,,False
Person search,2024-08-14T12:09:13+00:00,,,51.483295,-2.673283,Female,over 34,White - English/Welsh/Scottish/Northern Irish/British,White,Misuse of Drugs Act 1971 (section 23),Controlled drugs,A no further action disposal,,False
Person search,2024-08-14T15:59:46+00:00,,,51.533064,-2.381026,Male,10-17,White - English/Welsh/Scottish/Northern Irish/British,White,Police and Criminal Evidence Act 1984 (section 1),Stolen goods,Arrest,,False
Person search,2024-08-14T15:59:46+00:00,,,51.533064,-2.381026,Male,10-17,White - English/Welsh/Scottish/Northern Irish/British,White,Police and Criminal Evidence Act 1984 (section 1),Stolen goods,Arrest,,False
Person search,2024-08-14T17:28:56+00:00,,,51.459290,-2.576637,Male,10-17,Other ethnic group - Not stated,Mixed,Police and Criminal Evidence Act 1984 (section 1),Articles for use in criminal damage,A no further action disposal,True,False
Person search,2024-08-14T17:28:56+00:00,,,51.459290,-2.576637,Male,10-17,Other ethnic group - Not stated,Black,Police and Criminal Evidence Act 1984 (section 1),Articles for use in criminal damage,A no further action disposal,,False
Person search,2024-08-14T17:28:56+00:00,,,51.459290,-2.576637,Female,25-34,Other ethnic group - Not stated,Black,Police and Criminal Evidence Act 1984 (section 1),Articles for use in criminal damage,A no further action disposal,True,False
Person search,2024-08-14T17:28:56+00:00,,,51.459290,-2.576637,Male,10-17,Other ethnic group - Not stated,Black,Police and Criminal Evidence Act 1984 (section 1),Articles for use in criminal damage,A no further action disposal,,False
Person search,2024-08-14T17:28:56+00:00,,,51.469538,-2.564126,Male,10-17,Other ethnic group - Not stated,Mixed,Police and Criminal Evidence Act 1984 (section 1),Articles for use in criminal damage,A no further action disposal,,False
Person search,2024-08-14T17:28:56+00:00,,,51.459290,-2.576637,Male,10-17,Mixed/Multiple ethnic groups - Any other Mixed/Multiple ethnic background,Mixed,Police and Criminal Evidence Act 1984 (section 1),Articles for use in criminal damage,A no further action disposal,,False
Person search,2024-08-14T17:40:11+00:00,,,51.421981,-2.593367,Male,18-24,Black/African/Caribbean/Black British - African,Black,Misuse of Drugs Act 1971 (section 23),Controlled drugs,A no further action disposal,,False
Person search,2024-08-14T20:14:42+00:00,,,51.352706,-2.978374,Female,18-24,White - English/Welsh/Scottish/Northern Irish/British,White,Misuse of Drugs Act 1971 (section 23),Controlled drugs,Khat or Cannabis warning,True,False
Person search,2024-08-14T22:42:17+00:00,,,51.457903,-2.566748,Male,10-17,Other ethnic group - Not stated,White,Firearms Act 1968 (section 47),Firearms,A no further action disposal,,False
Person search,2024-08-14T23:13:30+00:00,,,51.352706,-2.978374,Female,18-24,White - Any other White background,White,Misuse of Drugs Act 1971 (section 23),Controlled drugs,Khat or Cannabis warning,True,False
Person search,2024-08-15T06:10:51+00:00,,,51.436951,-2.589951,Male,18-24,Asian/Asian British - Any other Asian background,Asian,Misuse of Drugs Act 1971 (section 23),Controlled drugs,A no further action disposal,,False
Person search,2024-08-15T11:41:38+00:00,,,51.490812,-2.676375,Female,over 34,White - English/Welsh/Scottish/Northern Irish/British,White,Misuse of Drugs Act 1971 (section 23),Controlled drugs,A no further action disposal,False,False
Person search,2024-08-15T11:41:38+00:00,,,51.490812,-2.676375,Male,over 34,Black/African/Caribbean/Black British - Any other Black/African/Caribbean background,Black,Misuse of Drugs Act 1971 (section 23),Controlled drugs,Arrest,True,False
Person search,2024-08-15T11:41:38+00:00,,,51.490812,-2.676375,Male,over 34,White - English/Welsh/Scottish/Northern Irish/British,White,Misuse of Drugs Act 1971 (section 23),Controlled drugs,A no further action disposal,,False
Person search,2024-08-15T11:41:38+00:00,,,51.490812,-2.676375,Male,over 34,Other ethnic group - Not stated,White,Misuse of Drugs Act 1971 (section 23),Controlled drugs,A no further action disposal,,False
Person search,2024-08-15T16:36:11+00:00,,,51.534762,-2.549087,Male,over 34,White - English/Welsh/Scottish/Northern Irish/British,White,Police and Criminal Evidence Act 1984 (section 1),Offensive weapons,A no further action disposal,True,False
Person search,2024-08-15T21:42:01+00:00,,,51.415843,-2.625470,Male,over 34,Other ethnic group - Not stated,White,Police and Criminal Evidence Act 1984 (section 1),Articles for use in criminal damage,Arrest,,False
Person search,2024-08-15T21:42:01+00:00,,,51.443759,-2.595117,Male,over 34,Other ethnic group - Not stated,White,Police and Criminal Evidence Act 1984 (section 1),Article for use in theft,Arrest,False,False
Person search,2024-08-15T22:41:11+00:00,,,51.409391,-2.618049,Male,10-17,White - English/Welsh/Scottish/Northern Irish/British,White,Police and Criminal Evidence Act 1984 (section 1),Stolen goods,A no further action disposal,,False
Person search,2024-08-15T22:41:11+00:00,,,51.409391,-2.618049,Male,10-17,White - English/Welsh/Scottish/Northern Irish/British,White,Police and Criminal Evidence Act 1984 (section 1),Stolen goods,A no further action disposal,,False
Person search,2024-08-15T22:41:11+00:00,,,51.409391,-2.618049,Male,10-17,White - English/Welsh/Scottish/Northern Irish/British,White,Police and Criminal Evidence Act 1984 (section 1),,Community resolution,False,False
Person search,2024-08-15T23:12:31+00:00,,,51.525605,-2.595396,Male,18-24,White - English/Welsh/Scottish/Northern Irish/British,White,Police and Criminal Evidence Act 1984 (section 1),Offensive weapons,A no further action disposal,,False
Vehicle search,2024-08-16T00:00:00+00:00,,,51.526961,-2.613673,,,,,Police and Criminal Evidence Act 1984 (section 1),Article for use in theft,A no further action disposal,,
Person search,2024-08-16T03:19:06+00:00,,,51.441681,-2.579048,Male,over 34,White - Any other White background,White,Misuse of Drugs Act 1971 (section 23),Controlled drugs,A no further action disposal,,False
Person and Vehicle search,2024-08-16T06:20:11+00:00,,,51.545713,-2.564476,Male,over 34,White - Any other White background,White,Misuse of Drugs Act 1971 (section 23),Controlled drugs,Arrest,,False
Person search,2024-08-16T11:01:54+00:00,,,,,Male,,Other ethnic group - Not stated,White,Police and Criminal Evidence Act 1984 (section 1),Stolen goods,A no further action disposal,,False
Person search,2024-08-16T11:01:54+00:00,,,,,Male,,Other ethnic group - Not stated,White,Police and Criminal Evidence Act 1984 (section 1),Stolen goods,A no further action disposal,,False
Person search,2024-08-16T11:01:54+00:00,,,,,Female,,Other ethnic group - Not stated,White,Police and Criminal Evidence Act 1984 (section 1),Stolen goods,A no further action disposal,,False
Person search,2024-08-16T11:47:12+00:00,,,51.460826,-2.586027,Male,over 34,Other ethnic group - Not stated,Mixed,Misuse of Drugs Act 1971 (section 23),Controlled drugs,Arrest,True,False
Person search,2024-08-16T11:56:11+00:00,,,51.450479,-2.581908,Male,25-34,White - English/Welsh/Scottish/Northern Irish/British,White,Police and Criminal Evidence Act 1984 (section 1),Stolen goods,Arrest,True,False
Person search,2024-08-16T14:23:37+00:00,,,51.374558,-2.400655,Male,10-17,White - English/Welsh/Scottish/Northern Irish/British,White,Police and Criminal Evidence Act 1984 (section 1),Offensive weapons,Arrest,False,False
Person search,2024-08-16T15:54:28+00:00,,,51.421017,-2.560781,Female,25-34,Other ethnic group - Not stated,White,Police and Criminal Evidence Act 1984 (section 1),Offensive weapons,A no further action disposal,False,False
Person search,2024-08-16T16:48:46+00:00,,,51.206145,-2.648433,Male,10-17,White - English/Welsh/Scottish/Northern Irish/British,White,Police and Criminal Evidence Act 1984 (section 1),Offensive weapons,Arrest,,False
Person search,2024-08-16T17:08:36+00:00,,,51.381578,-2.360052,Female,over 34,Other ethnic group - Not stated,,Police and Criminal Evidence Act 1984 (section 1),Offensive weapons,Arrest,True,False
Person search,2024-08-16T18:22:12+00:00,,,51.233571,-2.994192,Male,10-17,,,Misuse of Drugs Act 1971 (section 23),Controlled drugs,A no further action disposal,,False
Person search,2024-08-16T20:57:28+00:00,,,51.132089,-3.010547,Male,10-17,White - English/Welsh/Scottish/Northern Irish/British,White,Misuse of Drugs Act 1971 (section 23),Controlled drugs,Arrest,,False
Person search,2024-08-16T21:25:56+00:00,,,51.441937,-2.491514,Male,10-17,Other ethnic group - Not stated,White,Police and Criminal Evidence Act 1984 (section 1),Offensive weapons,A no further action disposal,,False
Person search,2024-08-16T21:25:56+00:00,,,51.443173,-2.492808,Male,10-17,Other ethnic group - Not stated,White,Police and Criminal Evidence Act 1984 (section 1),Offensive weapons,A no further action disposal,,False
Person search,2024-08-16T22:08:43+00:00,,,51.307604,-2.507608,Male,25-34,Other ethnic group - Not stated,White,Misuse of Drugs Act 1971 (section 23),Controlled drugs,A no further action disposal,,False
Person search,2024-08-16T22:46:23+00:00,,,,,Male,18-24,,White,,,,,
Person search,2024-08-16T23:16:56+00:00,,,50.942098,-2.631828,Female,18-24,White - English/Welsh/Scottish/Northern Irish/British,White,Misuse of Drugs Act 1971 (section 23),Controlled drugs,A no further action disposal,,True
Person search,2024-08-17T03:05:56+00:00,,,51.347233,-2.975759,Male,18-24,Other ethnic group - Not stated,White,Police and Criminal Evidence Act 1984 (section 1),Offensive weapons,Arrest,True,False
Person search,2024-08-17T06:20:31+00:00,,,,,Male,25-34,White - English/Welsh/Scottish/Northern Irish/British,White,Police and Criminal Evidence Act 1984 (section 1),Anything to threaten or harm anyone,A no further action disposal,,False
Person search,2024-08-17T10:31:56+00:00,,,51.459290,-2.576637,Male,25-34,Other ethnic group - Not stated,White,Police and Criminal Evidence Act 1984 (section 1),Offensive weapons,Arrest,,False
Person search,2024-08-17T14:53:47+00:00,,,51.457638,-2.574270,Male,18-24,Black/African/Caribbean/Black British - African,Black,Misuse of Drugs Act 1971 (section 23),Controlled drugs,A no further action disposal,,True
Person search,2024-08-17T16:32:11+00:00,,,51.404235,-2.598026,Male,10-17,White - English/Welsh/Scottish/Northern Irish/British,White,Police and Criminal Evidence Act 1984 (section 1),Offensive weapons,A no further action disposal,,False
Person search,2024-08-17T16:39:18+00:00,,,51.347233,-2.975759,Male,10-17,White - English/Welsh/Scottish/Northern Irish/British,White,Police and Criminal Evidence Act 1984 (section 1),Offensive weapons,Arrest,True,False
Person search,2024-08-17T17:43:34+00:00,,,51.235162,-2.998466,Male,10-17,Other ethnic group - Not stated,White,Misuse of Drugs Act 1971 (section 23),Controlled drugs,Arrest,False,False
Person search,2024-08-17T21:46:39+00:00,,,51.453049,-2.598261,Male,18-24,Mixed/Multiple ethnic groups - White and Black Caribbean,Mixed,Police and Criminal Evidence Act 1984 (section 1),Article for use in theft,Arrest,True,False
Person search,2024-08-17T23:51:14+00:00,,,51.128798,-3.002058,Male,10-17,White - English/Welsh/Scottish/Northern Irish/British,White,Misuse of Drugs Act 1971 (section 23),Controlled drugs,Arrest,True,False
Person and Vehicle search,2024-08-18T02:32:44+00:00,,,,,Male,18-24,,,Misuse of Drugs Act 1971 (section 23),Controlled drugs,A no further action disposal,,False
Person and Vehicle search,2024-08-18T02:32:44+00:00,,,,,Male,18-24,,,Misuse of Drugs Act 1971 (section 23),Controlled drugs,A no further action disposal,True,False
Person and Vehicle search,2024-08-18T02:32:44+00:00,,,,,Male,18-24,,,Misuse of Drugs Act 1971 (section 23),Controlled drugs,,,
Person search,2024-08-18T03:02:14+00:00,,,51.128069,-3.004272,Male,18-24,White - English/Welsh/Scottish/Northern Irish/British,White,Misuse of Drugs Act 1971 (section 23),Controlled drugs,Arrest,True,False
Person search,2024-08-18T03:48:19+00:00,,,51.412247,-2.599539,Male,10-17,Other ethnic group - Not stated,White,Misuse of Drugs Act 1971 (section 23),Controlled drugs,A no further action disposal,True,False
Person search,2024-08-18T07:21:50+00:00,,,51.026119,-3.090873,Male,10-17,Other ethnic group - Not stated,White,Misuse of Drugs Act 1971 (section 23),Controlled drugs,Arrest,True,False
Person search,2024-08-18T14:52:10+00:00,,,,,Male,over 34,Other ethnic group - Not stated,White,Misuse of Drugs Act 1971 (section 23),Controlled drugs,A no further action disposal,,False
Person and Vehicle search,2024-08-18T15:01:40+00:00,,,51.433409,-2.840327,Male,25-34,White - English/Welsh/Scottish/Northern Irish/British,White,Misuse of Drugs Act 1971 (section 23),Controlled drugs,Arrest,,False
Person search,2024-08-18T20:35:30+00:00,,,51.126518,-3.001666,Male,10-17,,,Misuse of Drugs Act 1971 (section 23),Controlled drugs,Khat or Cannabis warning,True,False
Person search,2024-08-18T20:35:30+00:00,,,51.126518,-3.001666,Male,10-17,Other ethnic group - Not stated,White,Misuse of Drugs Act 1971 (section 23),Controlled drugs,Khat or Cannabis warning,True,False
Person search,2024-08-18T20:35:30+00:00,,,51.126518,-3.001666,Male,,,,Misuse of Drugs Act 1971 (section 23),Controlled drugs,A no further action disposal,,False
Person search,2024-08-18T20:35:30+00:00,,,51.126518,-3.001666,Male,25-34,,,Misuse of Drugs Act 1971 (section 23),Controlled drugs,A no further action disposal,,False
Person search,2024-08-18T21:50:15+00:00,,,51.124654,-3.007170,Male,10-17,Other ethnic group - Not stated,White,Police and Criminal Evidence Act 1984 (section 1),Articles for use in criminal damage,Arrest,,False
Person and Vehicle search,2024-08-19T00:38:00+00:00,,,51.465734,-2.494707,Male,18-24,White - English/Welsh/Scottish/Northern Irish/British,White,Misuse of Drugs Act 1971 (section 23),Controlled drugs,A no further action disposal,,False
Person and Vehicle search,2024-08-19T00:38:00+00:00,,,51.465734,-2.494707,Male,18-24,White - English/Welsh/Scottish/Northern Irish/British,White,Misuse of Drugs Act 1971 (section 23),Controlled drugs,A no further action disposal,,False
Person and Vehicle search,2024-08-19T00:38:00+00:00,,,51.465734,-2.494707,Male,18-24,White - English/Welsh/Scottish/Northern Irish/British,White,Misuse of Drugs Act 1971 (section 23),Controlled drugs,A no further action disposal,,False
Person search,2024-08-19T00:45:56+00:00,,,51.433741,-2.607560,Male,18-24,Asian/Asian British - Any other Asian background,Black,Police and Criminal Evidence Act 1984 (section 1),Article for use in theft,Arrest,,False
Person search,2024-08-19T11:05:05+00:00,,,51.456790,-2.580232,,,Other ethnic group - Not stated,White,Police and Criminal Evidence Act 1984 (section 1),Offensive weapons,A no further action disposal,,False
Person search,2024-08-19T16:06:04+00:00,,,51.352537,-2.985579,Male,10-17,Other ethnic group - Not stated,White,Misuse of Drugs Act 1971 (section 23),Controlled drugs,A no further action disposal,,False
Person search,2024-08-19T17:27:00+00:00,,,51.422199,-2.580427,Male,25-34,White - English/Welsh/Scottish/Northern Irish/British,White,Misuse of Drugs Act 1971 (section 23),Controlled drugs,A no further action disposal,,False
Person search,2024-08-19T17:36:43+00:00,,,51.134586,-2.995109,Male,over 34,Other ethnic group - Not stated,White,Misuse of Drugs Act 1971 (section 23),Controlled drugs,A no further action disposal,True,False
Person search,2024-08-19T20:30:04+00:00,,,51.453030,-2.593194,Male,25-34,Mixed/Multiple ethnic groups - Any other Mixed/Multiple ethnic background,Other,Police and Criminal Evidence Act 1984 (section 1),Offensive weapons,Community resolution,False,False
Person and Vehicle search,2024-08-19T22:22:59+00:00,,,,,Male,over 34,White - English/Welsh/Scottish/Northern Irish/British,White,Misuse of Drugs Act 1971 (section 23),Controlled drugs,Arrest,True,False
Person search,2024-08-19T23:15:49+00:00,,,51.529939,-2.677099,Male,25-34,White - English/Welsh/Scottish/Northern Irish/British,White,Police and Criminal Evidence Act 1984 (section 1),Articles for use in criminal damage,Arrest,True,False
Person search,2024-08-20T02:26:55+00:00,,,51.470877,-2.604094,Male,25-34,,,Misuse of Drugs Act 1971 (section 23),Controlled drugs,A no further action disposal,,False
Person search,2024-08-20T15:17:51+00:00,,,,,Male,over 34,White - English/Welsh/Scottish/Northern Irish/British,White,,,,,
Person search,2024-08-20T15:28:03+00:00,,,,,Male,over 34,White - English/Welsh/Scottish/Northern Irish/British,White,,,,,
Person search,2024-08-20T15:40:11+00:00,,,,,Male,18-24,,,,,,,
Person search,2024-08-20T15:53:04+00:00,,,50.947379,-2.622946,Male,10-17,White - English/Welsh/Scottish/Northern Irish/British,White,Misuse of Drugs Act 1971 (section 23),Controlled drugs,Khat or Cannabis warning,True,False
Person search,2024-08-20T16:33:43+00:00,,,51.358026,-2.925649,Male,25-34,Other ethnic group - Any other ethnic group,,Misuse of Drugs Act 1971 (section 23),Controlled drugs,A no further action disposal,True,False
Person search,2024-08-20T16:41:51+00:00,,,51.456790,-2.580232,Male,over 34,Black/African/Caribbean/Black British - Any other Black/African/Caribbean background,Black,Misuse of Drugs Act 1971 (section 23),Controlled drugs,Arrest,True,True
Person search,2024-08-20T17:23:25+00:00,,,51.434307,-2.547493,Male,10-17,White - English/Welsh/Scottish/Northern Irish/British,White,Police and Criminal Evidence Act 1984 (section 1),Articles for use in criminal damage,Arrest,,False
Person search,2024-08-20T17:23:25+00:00,,,51.434307,-2.547493,Male,10-17,White - English/Welsh/Scottish/Northern Irish/British,White,Police and Criminal Evidence Act 1984 (section 1),Articles for use in criminal damage,Arrest,,False
Person search,2024-08-20T17:23:25+00:00,,,51.434307,-2.547493,Male,10-17,White - English/Welsh/Scottish/Northern Irish/British,White,Police and Criminal Evidence Act 1984 (section 1),Articles for use in criminal damage,Arrest,,False
Person search,2024-08-20T20:18:48+00:00,,,51.488925,-2.754310,Male,10-17,White - English/Welsh/Scottish/Northern Irish/British,Black,Police and Criminal Evidence Act 1984 (section 1),Offensive weapons,Arrest,False,False
Person search,2024-08-20T20:29:47+00:00,,,51.464084,-2.590833,Male,18-24,Mixed/Multiple ethnic groups - White and Black African,Mixed,Police and Criminal Evidence Act 1984 (section 1),Offensive weapons,Arrest,,False
Person and Vehicle search,2024-08-20T21:52:14+00:00,,,,,Female,over 34,,,,,,,
Person and Vehicle search,2024-08-20T21:52:14+00:00,,,,,Male,over 34,White - English/Welsh/Scottish/Northern Irish/British,White,,,,,
Vehicle search,2024-08-21T00:00:00+00:00,,,51.206038,-3.464691,,,,,Police and Criminal Evidence Act 1984 (section 1),Stolen goods,A no further action disposal,,
Person search,2024-08-21T03:57:39+00:00,,,50.982722,-3.238599,Male,10-17,White - English/Welsh/Scottish/Northern Irish/British,White,Misuse of Drugs Act 1971 (section 23),Controlled drugs,Community resolution,True,False
Person search,2024-08-21T09:55:18+00:00,,,51.468442,-2.535147,Male,18-24,White - English/Welsh/Scottish/Northern Irish/British,White,Misuse of Drugs Act 1971 (section 23),Controlled drugs,Arrest,,False
Person search,2024-08-21T11:36:05+00:00,,,51.479983,-2.588562,Male,over 34,White - English/Welsh/Scottish/Northern Irish/British,White,Police and Criminal Evidence Act 1984 (section 1),Offensive weapons,Arrest,True,False
Person search,2024-08-21T12:38:21+00:00,,,51.012620,-3.124227,Male,18-24,Black/African/Caribbean/Black British - African,Black,Misuse of Drugs Act 1971 (section 23),Controlled drugs,A no further action disposal,,False
Person search,2024-08-21T15:11:45+00:00,,,51.458559,-2.589740,Male,over 34,Other ethnic group - Any other ethnic group,White,Police and Criminal Evidence Act 1984 (section 1),Article for use in theft,A no further action disposal,True,False
Person search,2024-08-21T15:17:43+00:00,,,51.488780,-2.676302,Female,,Other ethnic group - Not stated,White,Police and Criminal Evidence Act 1984 (section 1),Stolen goods,A no further action disposal,,False
Person search,2024-08-21T15:47:54+00:00,,,51.233737,-2.999009,Female,25-34,White - English/Welsh/Scottish/Northern Irish/British,White,Misuse of Drugs Act 1971 (section 23),Controlled drugs,Khat or Cannabis warning,True,False
Person search,2024-08-21T18:51:40+00:00,,,51.407015,-2.623552,Male,18-24,White - English/Welsh/Scottish/Northern Irish/British,White,Police and Criminal Evidence Act 1984 (section 1),Offensive weapons,Arrest,,False
Person search,2024-08-21T19:47:25+00:00,,,,,Male,over 34,White - English/Welsh/Scottish/Northern Irish/British,,,,,,
Person search,2024-08-21T19:47:25+00:00,,,50.952758,-2.660246,Female,over 34,White - English/Welsh/Scottish/Northern Irish/British,White,Police and Criminal Evidence Act 1984 (section 1),Goods on which duty has not been paid etc.,A no further action disposal,,False
Vehicle search,2024-08-22T00:00:00+00:00,,,51.488116,-2.644174,,,,,Police and Criminal Evidence Act 1984 (section 1),Article for use in theft,A no further action disposal,,
Person and Vehicle search,2024-08-22T01:57:09+00:00,,,,,Female,over 34,White - English/Welsh/Scottish/Northern Irish/British,White,Misuse of Drugs Act 1971 (section 23),Controlled drugs,A no further action disposal,,False
Person and Vehicle search,2024-08-22T01:57:09+00:00,,,,,Male,over 34,White - Any other White background,White,Misuse of Drugs Act 1971 (section 23),Controlled drugs,A no further action disposal,,False
Person search,2024-08-22T01:59:19+00:00,,,51.456677,-2.592162,Male,over 34,White - English/Welsh/Scottish/Northern Irish/British,White,Police and Criminal Evidence Act 1984 (section 1),Article for use in theft,A no further action disposal,,False
Person search,2024-08-22T07:28:18+00:00,,,,,Male,18-24,,,,,,,
Person search,2024-08-22T07:28:18+00:00,,,,,Female,25-34,,,,,,,
Person search,2024-08-22T07:42:02+00:00,,,51.347888,-2.784557,Female,10-17,White - English/Welsh/Scottish/Northern Irish/British,White,Police and Criminal Evidence Act 1984 (section 1),Articles for use in criminal damage,Khat or Cannabis warning,False,False
Person search,2024-08-22T07:42:02+00:00,,,51.347888,-2.784557,Male,10-17,White - English/Welsh/Scottish/Northern Irish/British,White,Police and Criminal Evidence Act 1984 (section 1),Article for use in theft,A no further action disposal,,False
Person and Vehicle search,2024-08-22T13:44:23+00:00,,,51.321863,-2.959922,Female,over 34,Other ethnic group - Not stated,Black,Misuse of Drugs Act 1971 (section 23),Controlled drugs,A no further action disposal,,False
Person search,2024-08-22T18:04:45+00:00,,,51.124953,-3.011020,Male,10-17,Other ethnic group - Not stated,White,Misuse of Drugs Act 1971 (section 23),Controlled drugs,A no further action disposal,,False
Person search,2024-08-22T18:04:45+00:00,,,51.120857,-3.018847,Female,10-17,White - English/Welsh/Scottish/Northern Irish/British,White,Misuse of Drugs Act 1971 (section 23),Controlled drugs,A no further action disposal,,False
Person search,2024-08-22T19:11:55+00:00,,,51.020311,-3.072288,Male,10-17,,,Police and Criminal Evidence Act 1984 (section 1),Offensive weapons,Community resolution,True,False
Person search,2024-08-22T19:11:55+00:00,,,51.020311,-3.072288,Male,10-17,Other ethnic group - Not stated,White,Police and Criminal Evidence Act 1984 (section 1),Offensive weapons,Community resolution,True,False
Person search,2024-08-22T19:45:25+00:00,,,50.973513,-2.607144,Male,18-24,White - English/Welsh/Scottish/Northern Irish/British,White,Misuse of Drugs Act 1971 (section 23),Controlled drugs,Arrest,True,False
Person search,2024-08-22T21:21:44+00:00,,,51.124953,-3.011020,Male,10-17,White - English/Welsh/Scottish/Northern Irish/British,White,Misuse of Drugs Act 1971 (section 23),Controlled drugs,Community resolution,True,False
Person search,2024-08-23T00:26:45+00:00,,,50.944843,-2.634712,Female,18-24,White - English/Welsh/Scottish/Northern Irish/British,White,Police and Criminal Evidence Act 1984 (section 1),Offensive weapons,A no further action disposal,,False
Person search,2024-08-23T04:58:17+00:00,,,,,,10-17,White - English/Welsh/Scottish/Northern Irish/British,White,Misuse of Drugs Act 1971 (section 23),Controlled drugs,A no further action disposal,True,False
Person search,2024-08-23T04:58:17+00:00,,,,,Male,10-17,White - English/Welsh/Scottish/Northern Irish/British,White,Misuse of Drugs Act 1971 (section 23),Controlled drugs,A no further action disposal,,False
Person and Vehicle search,2024-08-23T05:01:05+00:00,,,51.325298,-2.929870,Female,25-34,White - English/Welsh/Scottish/Northern Irish/British,White,Misuse of Drugs Act 1971 (section 23),Controlled drugs,A no further action disposal,True,False
Person search,2024-08-23T05:18:15+00:00,,,51.430872,-2.479845,Male,25-34,White - English/Welsh/Scottish/Northern Irish/British,White,Police and Criminal Evidence Act 1984 (section 1),Article for use in theft,Arrest,True,False
Person search,2024-08-23T05:18:15+00:00,,,51.430872,-2.479845,Male,over 34,White - English/Welsh/Scottish/Northern Irish/British,White,Police and Criminal Evidence Act 1984 (section 1),Article for use in theft,Arrest,True,False
Person search,2024-08-23T08:23:00+00:00,,,51.422663,-2.588213,Male,over 34,Other ethnic group - Not stated,White,Police and Criminal Evidence Act 1984 (section 1),Offensive weapons,Arrest,False,False
Person search,2024-08-23T13:10:20+00:00,,,51.456002,-2.593996,Male,10-17,White - English/Welsh/Scottish/Northern Irish/British,White,Police and Criminal Evidence Act 1984 (section 1),Offensive weapons,A no further action disposal,,False
Person search,2024-08-23T22:26:25+00:00,,,,,Male,over 34,Asian/Asian British - Indian,Asian,Police and Criminal Evidence Act 1984 (section 1),Offensive weapons,A no further action disposal,,False
Person search,2024-08-23T22:40:40+00:00,,,,,Male,25-34,White - English/Welsh/Scottish/Northern Irish/British,White,,,,,
Person and Vehicle search,2024-08-23T23:46:00+00:00,,,51.461729,-2.581605,Male,over 34,Black/African/Caribbean/Black British - African,Other,Misuse of Drugs Act 1971 (section 23),Controlled drugs,Community resolution,True,False
Person and Vehicle search,2024-08-23T23:46:00+00:00,,,51.461729,-2.581605,Female,over 34,Other ethnic group - Not stated,Black,Misuse of Drugs Act 1971 (section 23),Controlled drugs,A no further action disposal,,False
Person and Vehicle search,2024-08-23T23:46:00+00:00,,,51.461729,-2.581605,Male,over 34,Black/African/Caribbean/Black British - African,Other,Misuse of Drugs Act 1971 (section 23),Controlled drugs,Community resolution,True,False
Person search,2024-08-24T08:31:59+00:00,,,51.461821,-2.584729,Male,18-24,Black/African/Caribbean/Black British - Any other Black/African/Caribbean background,Black,Misuse of Drugs Act 1971 (section 23),Controlled drugs,Arrest,,False
Person search,2024-08-24T08:31:59+00:00,,,51.461821,-2.584729,Male,over 34,Black/African/Caribbean/Black British - Any other Black/African/Caribbean background,Black,Misuse of Drugs Act 1971 (section 23),Controlled drugs,Arrest,True,False
Person search,2024-08-24T13:27:15+00:00,,,51.378327,-2.359595,Male,over 34,Other ethnic group - Not stated,White,Police and Criminal Evidence Act 1984 (section 1),Offensive weapons,Arrest,True,False
Person search,2024-08-24T15:52:40+00:00,,,50.929028,-2.640829,Male,25-34,White - English/Welsh/Scottish/Northern Irish/British,White,Misuse of Drugs Act 1971 (section 23),Controlled drugs,Khat or Cannabis warning,,True
Person search,2024-08-24T16:48:39+00:00,,,50.929028,-2.640829,Male,25-34,White - English/Welsh/Scottish/Northern Irish/British,White,Misuse of Drugs Act 1971 (section 23),Controlled drugs,Caution (simple or conditional),,False
Person and Vehicle search,2024-08-25T01:45:35+00:00,,,51.464591,-2.535706,Male,18-24,Other ethnic group - Not stated,Black,Misuse of Drugs Act 1971 (section 23),Controlled drugs,Arrest,True,False
Person and Vehicle search,2024-08-25T01:45:35+00:00,,,51.464591,-2.535706,Male,18-24,Black/African/Caribbean/Black British - Any other Black/African/Caribbean background,Black,Misuse of Drugs Act 1971 (section 23),Controlled drugs,Arrest,,False
Person and Vehicle search,2024-08-25T01:45:35+00:00,,,51.464591,-2.535706,Male,25-34,Other ethnic group - Not stated,Asian,Misuse of Drugs Act 1971 (section 23),Controlled drugs,Arrest,True,False
Person and Vehicle search,2024-08-25T01:45:35+00:00,,,51.464591,-2.535706,Male,25-34,Other ethnic group - Not stated,,Misuse of Drugs Act 1971 (section 23),Controlled drugs,Arrest,True,False
Person search,2024-08-25T05:27:33+00:00,,,51.484978,-2.586581,Male,25-34,White - English/Welsh/Scottish/Northern Irish/British,White,Misuse of Drugs Act 1971 (section 23),Controlled drugs,Arrest,True,False
Person search,2024-08-25T09:26:18+00:00,,,,,Male,over 34,White - English/Welsh/Scottish/Northern Irish/British,White,Police and Criminal Evidence Act 1984 (section 1),Stolen goods,Arrest,True,False
Person search,2024-08-25T16:41:58+00:00,,,,,Male,18-24,,,,,,,
Person search,2024-08-25T16:41:58+00:00,,,,,Male,18-24,,,,,,,
Person search,2024-08-25T17:01:21+00:00,,,51.525403,-2.598546,Female,18-24,White - English/Welsh/Scottish/Northern Irish/British,White,Police and Criminal Evidence Act 1984 (section 1),Stolen goods,A no further action disposal,True,False
Person search,2024-08-25T20:10:32+00:00,,,51.432454,-2.754832,Male,10-17,Other ethnic group - Not stated,White,Police and Criminal Evidence Act 1984 (section 1),Article for use in theft,A no further action disposal,,False
Person search,2024-08-25T20:10:32+00:00,,,51.432454,-2.754832,Male,10-17,Other ethnic group - Not stated,White,Police and Criminal Evidence Act 1984 (section 1),Article for use in theft,A no further action disposal,,False
Person and Vehicle search,2024-08-25T21:56:50+00:00,,,,,Male,25-34,Other ethnic group - Not stated,White,Misuse of Drugs Act 1971 (section 23),Controlled drugs,Arrest,False,False
Person search,2024-08-25T23:42:15+00:00,,,51.554086,-2.415399,Male,10-17,,,Misuse of Drugs Act 1971 (section 23),Controlled drugs,A no further action disposal,,False
Person search,2024-08-25T23:42:15+00:00,,,51.554086,-2.415399,Male,10-17,,,Misuse of Drugs Act 1971 (section 23),Controlled drugs,A no further action disposal,,False
Person search,2024-08-25T23:42:15+00:00,,,51.554086,-2.415399,Male,10-17,,,Misuse of Drugs Act 1971 (section 23),Offensive weapons,A no further action disposal,,False
Person search,2024-08-26T01:26:55+00:00,,,51.474907,-2.531263,Male,10-17,White - English/Welsh/Scottish/Northern Irish/British,White,Police and Criminal Evidence Act 1984 (section 1),Articles for use in criminal damage,A no further action disposal,,False
Person search,2024-08-26T01:26:55+00:00,,,51.474907,-2.531263,Male,10-17,White - English/Welsh/Scottish/Northern Irish/British,White,Police and Criminal Evidence Act 1984 (section 1),Articles for use in criminal damage,A no further action disposal,,False
Person and Vehicle search,2024-08-26T02:18:05+00:00,,,51.503556,-2.522750,Male,25-34,White - Any other White background,White,Misuse of Drugs Act 1971 (section 23),Controlled drugs,Summons / charged by post,,False
Person and Vehicle search,2024-08-26T04:01:30+00:00,,,51.480713,-2.433567,Male,18-24,White - English/Welsh/Scottish/Northern Irish/British,White,Misuse of Drugs Act 1971 (section 23),Controlled drugs,A no further action disposal,,False
Person and Vehicle search,2024-08-26T04:01:30+00:00,,,51.480713,-2.433567,Female,25-34,White - English/Welsh/Scottish/Northern Irish/British,White,Misuse of Drugs Act 1971 (section 23),Controlled drugs,Arrest,,False
Person search,2024-08-26T06:05:30+00:00,,,51.451106,-2.575023,Male,,,,Misuse of Drugs Act 1971 (section 23),Controlled drugs,A no further action disposal,,False
Person search,2024-08-26T06:05:30+00:00,,,51.451106,-2.575023,Male,25-34,Other ethnic group - Not stated,Black,Misuse of Drugs Act 1971 (section 23),Controlled drugs,A no further action disposal,,False
Person and Vehicle search,2024-08-26T10:55:20+00:00,,,51.481058,-2.529016,Male,over 34,White - Any other White background,White,Misuse of Drugs Act 1971 (section 23),Controlled drugs,Arrest,,False
Person and Vehicle search,2024-08-26T10:55:20+00:00,,,51.481058,-2.529016,Male,25-34,White - English/Welsh/Scottish/Northern Irish/British,White,Misuse of Drugs Act 1971 (section 23),Controlled drugs,A no further action disposal,,False
Person and Vehicle search,2024-08-26T11:36:05+00:00,,,51.258475,-3.005439,Male,over 34,Other ethnic group - Not stated,White,Misuse of Drugs Act 1971 (section 23),Controlled drugs,A no further action disposal,True,True
Person and Vehicle search,2024-08-26T11:36:05+00:00,,,51.258475,-3.005439,Male,over 34,Other ethnic group - Not stated,White,Misuse of Drugs Act 1971 (section 23),Controlled drugs,A no further action disposal,,True
Person search,2024-08-26T12:49:05+00:00,,,51.128798,-3.002058,Male,over 34,White - English/Welsh/Scottish/Northern Irish/British,White,Police and Criminal Evidence Act 1984 (section 1),Stolen goods,A no further action disposal,,False
Person search,2024-08-26T12:49:06+00:00,,,51.462667,-2.590023,Male,10-17,Other ethnic group - Any other ethnic group,White,Misuse of Drugs Act 1971 (section 23),Controlled drugs,A no further action disposal,,False
Person search,2024-08-26T13:03:55+00:00,,,51.010533,-3.103046,Male,over 34,Other ethnic group - Not stated,White,Police and Criminal Evidence Act 1984 (section 1),Offensive weapons,Arrest,,False
Person search,2024-08-26T14:24:50+00:00,,,51.374938,-2.386751,Male,18-24,White - English/Welsh/Scottish/Northern Irish/British,White,Misuse of Drugs Act 1971 (section 23),Article for use in theft,Arrest,,False
Person search,2024-08-26T17:05:15+00:00,,,51.281709,-2.470589,Male,over 34,White - English/Welsh/Scottish/Northern Irish/British,White,Police and Criminal Evidence Act 1984 (section 1),Goods on which duty has not been paid etc.,Arrest,,False
Person search,2024-08-26T17:05:25+00:00,,,51.127065,-2.990260,Male,over 34,Other ethnic group - Not stated,Mixed,Police and Criminal Evidence Act 1984 (section 1),Stolen goods,Arrest,True,False
Person search,2024-08-26T19:45:10+00:00,,,51.218648,-2.972379,Male,10-17,White - English/Welsh/Scottish/Northern Irish/British,White,Police and Criminal Evidence Act 1984 (section 1),Stolen goods,A no further action disposal,True,False
Person search,2024-08-26T21:38:20+00:00,,,,,Male,25-34,White - English/Welsh/Scottish/Northern Irish/British,White,Police and Criminal Evidence Act 1984 (section 1),Article for use in theft,A no further action disposal,,False
Person search,2024-08-26T21:38:20+00:00,,,,,Male,25-34,White - English/Welsh/Scottish/Northern Irish/British,White,Police and Criminal Evidence Act 1984 (section 1),Articles for use in criminal damage,A no further action disposal,,False
Person and Vehicle search,2024-08-27T01:39:35+00:00,,,51.462630,-2.584927,Male,18-24,Black/African/Caribbean/Black British - Any other Black/African/Caribbean background,Black,Misuse of Drugs Act 1971 (section 23),Controlled drugs,Arrest,True,True
Person and Vehicle search,2024-08-27T01:39:35+00:00,,,51.462630,-2.584927,Male,25-34,White - English/Welsh/Scottish/Northern Irish/British,White,Misuse of Drugs Act 1971 (section 23),Controlled drugs,Arrest,True,False
Person and Vehicle search,2024-08-27T01:39:35+00:00,,,51.462630,-2.584927,Male,18-24,White - English/Welsh/Scottish/Northern Irish/British,White,Misuse of Drugs Act 1971 (section 23),Controlled drugs,Arrest,True,True
Person and Vehicle search,2024-08-27T01:39:35+00:00,,,51.462630,-2.584927,Male,over 34,Other ethnic group - Not stated,Black,Misuse of Drugs Act 1971 (section 23),Controlled drugs,Arrest,,True
Person search,2024-08-27T07:56:40+00:00,,,51.369661,-2.348897,Male,25-34,White - English/Welsh/Scottish/Northern Irish/British,White,Police and Criminal Evidence Act 1984 (section 1),Stolen goods,A no further action disposal,True,False
Person search,2024-08-27T07:56:40+00:00,,,51.369661,-2.348897,Male,25-34,White - English/Welsh/Scottish/Northern Irish/British,White,Police and Criminal Evidence Act 1984 (section 1),Stolen goods,A no further action disposal,,False
Person search,2024-08-27T10:19:30+00:00,,,50.944396,-2.624244,Male,25-34,White - English/Welsh/Scottish/Northern Irish/British,White,Misuse of Drugs Act 1971 (section 23),Controlled drugs,A no further action disposal,True,False
Person search,2024-08-27T10:19:30+00:00,,,50.944396,-2.624244,Male,over 34,White - English/Welsh/Scottish/Northern Irish/British,White,Misuse of Drugs Act 1971 (section 23),Controlled drugs,A no further action disposal,,False
Person search,2024-08-27T10:19:30+00:00,,,50.944396,-2.624244,Male,25-34,White - English/Welsh/Scottish/Northern Irish/British,White,Misuse of Drugs Act 1971 (section 23),Controlled drugs,Arrest,True,True
Person search,2024-08-27T11:14:05+00:00,,,51.012437,-3.101914,Male,over 34,Other ethnic group - Not stated,White,Police and Criminal Evidence Act 1984 (section 1),Offensive weapons,Arrest,True,False
Person search,2024-08-27T16:13:45+00:00,,,51.454670,-2.578176,Male,18-24,Asian/Asian British - Pakistani,Asian,Misuse of Drugs Act 1971 (section 23),Articles for use in criminal damage,Arrest,True,False
Person search,2024-08-27T16:13:45+00:00,,,51.454670,-2.578176,Male,10-17,Black/African/Caribbean/Black British - African,Other,Misuse of Drugs Act 1971 (section 23),Controlled drugs,Arrest,False,True
Person search,2024-08-27T16:52:49+00:00,,,,,Male,,,,,,,,
Person search,2024-08-27T18:09:45+00:00,,,51.456677,-2.592162,Male,over 34,White - English/Welsh/Scottish/Northern Irish/British,Black,Police and Criminal Evidence Act 1984 (section 1),Stolen goods,Arrest,True,False
Person search,2024-08-27T18:41:10+00:00,,,51.331292,-2.965832,Male,18-24,White - English/Welsh/Scottish/Northern Irish/British,White,Misuse of Drugs Act 1971 (section 23),Controlled drugs,A no further action disposal,,False
Person search,2024-08-27T19:37:05+00:00,,,51.291944,-2.447088,Male,25-34,Other ethnic group - Not stated,,Misuse of Drugs Act 1971 (section 23),Controlled drugs,A no further action disposal,,False
Person search,2024-08-27T20:25:51+00:00,,,51.461131,-2.509065,Male,over 34,Other ethnic group - Not stated,White,Police and Criminal Evidence Act 1984 (section 1),Articles for use in criminal damage,A no further action disposal,True,False
Person search,2024-08-27T21:27:45+00:00,,,51.321444,-2.970375,Male,10-17,Other ethnic group - Not stated,White,Police and Criminal Evidence Act 1984 (section 1),Offensive weapons,Arrest,,False
Person search,2024-08-27T22:12:05+00:00,,,51.452670,-2.593319,Male,over 34,White - English/Welsh/Scottish/Northern Irish/British,White,Police and Criminal Evidence Act 1984 (section 1),Anything to threaten or harm anyone,A no further action disposal,,False
Person search,2024-08-27T23:18:11+00:00,,,51.130502,-3.011042,Male,over 34,Other ethnic group - Not stated,White,Police and Criminal Evidence Act 1984 (section 1),Offensive weapons,A no further action disposal,,False
Vehicle search,2024-08-28T00:00:00+00:00,,,51.495300,-2.617540,,,,,Police and Criminal Evidence Act 1984 (section 1),Articles for use in criminal damage,A no further action disposal,,
Person search,2024-08-28T00:01:50+00:00,,,51.471978,-2.552091,Male,over 34,White - English/Welsh/Scottish/Northern Irish/British,White,Police and Criminal Evidence Act 1984 (section 1),Article for use in theft,A no further action disposal,,False
Person search,2024-08-28T07:07:40+00:00,,,51.507002,-2.620177,Male,over 34,White - English/Welsh/Scottish/Northern Irish/British,White,Police and Criminal Evidence Act 1984 (section 1),Offensive weapons,A no further action disposal,,False
Person search,2024-08-28T07:07:40+00:00,,,51.507002,-2.620177,Male,over 34,White - English/Welsh/Scottish/Northern Irish/British,White,Police and Criminal Evidence Act 1984 (section 1),Article for use in theft,A no further action disposal,,False
Person search,2024-08-28T07:45:20+00:00,,,51.429890,-2.625130,Female,over 34,Other ethnic group - Not stated,White,Misuse of Drugs Act 1971 (section 23),Controlled drugs,A no further action disposal,,False
Person search,2024-08-28T14:47:01+00:00,,,,,Male,over 34,Other ethnic group - Not stated,White,Misuse of Drugs Act 1971 (section 23),Controlled drugs,Arrest,,True
Person search,2024-08-28T16:46:01+00:00,,,51.499476,-2.602845,Male,over 34,Black/African/Caribbean/Black British - Any other Black/African/Caribbean background,Mixed,Misuse of Drugs Act 1971 (section 23),Controlled drugs,Arrest,True,False
Person search,2024-08-28T17:46:35+00:00,,,51.459972,-2.587800,Male,over 34,Other ethnic group - Not stated,White,Police and Criminal Evidence Act 1984 (section 1),Offensive weapons,A no further action disposal,,False
Person and Vehicle search,2024-08-28T18:29:55+00:00,,,51.525595,-2.604890,Male,over 34,Black/African/Caribbean/Black British - African,Black,Police and Criminal Evidence Act 1984 (section 1),Article for use in theft,Community resolution,True,False
Person search,2024-08-28T18:30:52+00:00,,,51.347233,-2.975759,Male,over 34,White - English/Welsh/Scottish/Northern Irish/British,White,Police and Criminal Evidence Act 1984 (section 1),Stolen goods,Arrest,True,False
Person search,2024-08-28T18:58:50+00:00,,,51.530693,-2.596496,Male,over 34,Other ethnic group - Any other ethnic group,Mixed,Misuse of Drugs Act 1971 (section 23),Controlled drugs,Arrest,True,False
Person search,2024-08-28T19:36:09+00:00,,,51.340627,-2.958821,Male,18-24,White - English/Welsh/Scottish/Northern Irish/British,White,Misuse of Drugs Act 1971 (section 23),Controlled drugs,A no further action disposal,True,False
Person search,2024-08-28T19:36:09+00:00,,,51.340627,-2.958821,Male,10-17,White - English/Welsh/Scottish/Northern Irish/British,White,Misuse of Drugs Act 1971 (section 23),Controlled drugs,A no further action disposal,,False
Person and Vehicle search,2024-08-28T20:32:35+00:00,,,,,Male,over 34,White - Any other White background,White,Misuse of Drugs Act 1971 (section 23),Controlled drugs,Arrest,True,False
Person search,2024-08-28T21:58:54+00:00,,,51.503360,-2.590722,Male,over 34,White - English/Welsh/Scottish/Northern Irish/British,White,Misuse of Drugs Act 1971 (section 23),Controlled drugs,Arrest,True,False
Person search,2024-08-28T22:35:30+00:00,,,51.451819,-2.576471,Male,,Black/African/Caribbean/Black British - African,Black,Misuse of Drugs Act 1971 (section 23),Controlled drugs,A no further action disposal,,False
Person search,2024-08-28T22:48:21+00:00,,,51.459204,-2.545647,Male,over 34,White - English/Welsh/Scottish/Northern Irish/British,White,Misuse of Drugs Act 1971 (section 23),Controlled drugs,A no further action disposal,,False
Person search,2024-08-28T23:48:50+00:00,,,51.459290,-2.576637,Male,over 34,Black/African/Caribbean/Black British - African,Black,Police and Criminal Evidence Act 1984 (section 1),Offensive weapons,Arrest,False,False
Person search,2024-08-29T00:41:10+00:00,,,51.459290,-2.576637,Female,over 34,White - English/Welsh/Scottish/Northern Irish/British,White,Police and Criminal Evidence Act 1984 (section 1),Stolen goods,A no further action disposal,,False
Person search,2024-08-29T01:18:40+00:00,,,51.294640,-2.440603,Male,10-17,Other ethnic group - Not stated,,Police and Criminal Evidence Act 1984 (section 1),Article for use in theft,A no further action disposal,,False
Person search,2024-08-29T01:18:40+00:00,,,51.294640,-2.440603,Male,10-17,Mixed/Multiple ethnic groups - White and Black African,Mixed,Police and Criminal Evidence Act 1984 (section 1),Article for use in theft,Arrest,False,False
Person search,2024-08-29T01:31:00+00:00,,,51.036273,-3.090755,Male,10-17,White - English/Welsh/Scottish/Northern Irish/British,White,Police and Criminal Evidence Act 1984 (section 1),Article for use in theft,Arrest,True,False
Person search,2024-08-29T01:32:55+00:00,,,51.453049,-2.598261,Female,25-34,Other ethnic group - Not stated,White,Police and Criminal Evidence Act 1984 (section 1),Offensive weapons,A no further action disposal,,False
Person search,2024-08-29T04:04:35+00:00,,,51.449942,-2.601098,Male,10-17,White - English/Welsh/Scottish/Northern Irish/British,White,Police and Criminal Evidence Act 1984 (section 1),Stolen goods,Arrest,True,False
Person search,2024-08-29T12:28:48+00:00,,,51.139928,-3.005544,Male,10-17,White - English/Welsh/Scottish/Northern Irish/British,White,Misuse of Drugs Act 1971 (section 23),Controlled drugs,A no further action disposal,,False
Person and Vehicle search,2024-08-29T14:11:36+00:00,,,,,,over 34,Asian/Asian British - Pakistani,Asian,Misuse of Drugs Act 1971 (section 23),Controlled drugs,A no further action disposal,True,False
Person search,2024-08-29T14:22:00+00:00,,,50.954485,-2.619268,Male,10-17,White - English/Welsh/Scottish/Northern Irish/British,White,Misuse of Drugs Act 1971 (section 23),Controlled drugs,Arrest,True,False
Person search,2024-08-29T19:50:31+00:00,,,,,Male,10-17,,Black,Misuse of Drugs Act 1971 (section 23),Offensive weapons,Arrest,True,False
Person search,2024-08-29T20:18:20+00:00,,,,,Male,18-24,White - English/Welsh/Scottish/Northern Irish/British,White,Misuse of Drugs Act 1971 (section 23),Controlled drugs,Khat or Cannabis warning,True,False
Person search,2024-08-29T20:39:25+00:00,,,51.346419,-2.963293,Male,10-17,White - English/Welsh/Scottish/Northern Irish/British,White,Misuse of Drugs Act 1971 (section 23),Controlled drugs,Arrest,,False
Person search,2024-08-29T20:39:25+00:00,,,51.346419,-2.963293,Male,18-24,Other ethnic group - Not stated,White,Misuse of Drugs Act 1971 (section 23),Controlled drugs,Arrest,True,False
Person search,2024-08-29T22:52:05+00:00,,,51.480204,-2.504555,Male,10-17,Other ethnic group - Not stated,Black,Police and Criminal Evidence Act 1984 (section 1),Anything to threaten or harm anyone,Arrest,,False
Person and Vehicle search,2024-08-30T00:57:41+00:00,,,51.537791,-2.387409,Male,over 34,White - English/Welsh/Scottish/Northern Irish/British,White,Misuse of Drugs Act 1971 (section 23),Controlled drugs,Arrest,,False
Person and Vehicle search,2024-08-30T00:57:41+00:00,,,51.537791,-2.387409,Male,over 34,Other ethnic group - Not stated,White,Misuse of Drugs Act 1971 (section 23),Controlled drugs,A no further action disposal,,False
Person search,2024-08-30T03:29:25+00:00,,,51.380574,-2.395247,Male,10-17,Other ethnic group - Not stated,White,Police and Criminal Evidence Act 1984 (section 1),Article for use in theft,A no further action disposal,,False
Person search,2024-08-30T03:29:25+00:00,,,51.380574,-2.395247,Male,18-24,Other ethnic group - Not stated,White,Police and Criminal Evidence Act 1984 (section 1),Article for use in theft,A no further action disposal,,False
Person search,2024-08-30T03:40:06+00:00,,,51.451064,-2.520653,Male,25-34,Other ethnic group - Not stated,Black,Misuse of Drugs Act 1971 (section 23),Controlled drugs,A no further action disposal,,False
Person search,2024-08-30T03:40:06+00:00,,,51.451064,-2.520653,Male,25-34,Other ethnic group - Not stated,Black,Misuse of Drugs Act 1971 (section 23),Controlled drugs,A no further action disposal,,False
Person search,2024-08-30T04:12:40+00:00,,,51.450103,-2.568678,Male,10-17,Black/African/Caribbean/Black British - African,Black,Police and Criminal Evidence Act 1984 (section 1),Article for use in theft,A no further action disposal,False,False
Person search,2024-08-30T06:02:15+00:00,,,,,Male,over 34,White - English/Welsh/Scottish/Northern Irish/British,White,,,,,
Person search,2024-08-30T12:40:55+00:00,,,51.131167,-3.002738,Female,over 34,White - English/Welsh/Scottish/Northern Irish/British,White,Misuse of Drugs Act 1971 (section 23),Controlled drugs,A no further action disposal,,False
Person search,2024-08-30T13:44:35+00:00,,,51.371692,-2.399868,Female,over 34,Other ethnic group - Not stated,White,Police and Criminal Evidence Act 1984 (section 1),Offensive weapons,Arrest,,False
Person search,2024-08-30T13:44:35+00:00,,,51.371692,-2.399868,Male,10-17,White - English/Welsh/Scottish/Northern Irish/British,White,Police and Criminal Evidence Act 1984 (section 1),Offensive weapons,Arrest,,False
Person search,2024-08-30T16:25:17+00:00,,,51.126518,-3.001666,Male,over 34,White - English/Welsh/Scottish/Northern Irish/British,White,Misuse of Drugs Act 1971 (section 23),Controlled drugs,A no further action disposal,,False
Person search,2024-08-30T16:25:17+00:00,,,51.126518,-3.001666,Male,over 34,White - English/Welsh/Scottish/Northern Irish/British,White,Misuse of Drugs Act 1971 (section 23),Controlled drugs,A no further action disposal,,False
Person search,2024-08-30T17:37:05+00:00,,,51.379472,-2.360595,Male,10-17,White - English/Welsh/Scottish/Northern Irish/British,White,Police and Criminal Evidence Act 1984 (section 1),,A no further action disposal,True,False
Person and Vehicle search,2024-08-30T17:49:55+00:00,,,51.131480,-2.994427,Male,18-24,White - English/Welsh/Scottish/Northern Irish/British,White,Misuse of Drugs Act 1971 (section 23),Controlled drugs,A no further action disposal,,False
Person and Vehicle search,2024-08-30T17:49:55+00:00,,,51.131480,-2.994427,Male,18-24,White - English/Welsh/Scottish/Northern Irish/British,White,Misuse of Drugs Act 1971 (section 23),Controlled drugs,Summons / charged by post,True,False
Person search,2024-08-30T18:34:32+00:00,,,50.877869,-2.951877,Male,10-17,White - English/Welsh/Scottish/Northern Irish/British,White,Police and Criminal Evidence Act 1984 (section 1),Articles for use in criminal damage,A no further action disposal,,False
Person search,2024-08-30T19:32:52+00:00,,,50.957490,-2.630599,Male,18-24,White - English/Welsh/Scottish/Northern Irish/British,White,Misuse of Drugs Act 1971 (section 23),Controlled drugs,A no further action disposal,,False
Person search,2024-08-30T21:12:00+00:00,,,51.117113,-3.000460,Male,10-17,White - English/Welsh/Scottish/Northern Irish/British,White,Misuse of Drugs Act 1971 (section 23),Controlled drugs,Community resolution,True,False
Person search,2024-08-30T21:12:00+00:00,,,51.117113,-3.000460,Male,10-17,White - English/Welsh/Scottish/Northern Irish/British,White,Misuse of Drugs Act 1971 (section 23),Controlled drugs,Khat or Cannabis warning,True,False
Person search,2024-08-31T00:21:50+00:00,,,,,Male,over 34,White - English/Welsh/Scottish/Northern Irish/British,White,Misuse of Drugs Act 1971 (section 23),Controlled drugs,A no further action disposal,,False
Person search,2024-08-31T00:21:50+00:00,,,51.452951,-2.576658,Male,,Other ethnic group - Not stated,Mixed,Police and Criminal Evidence Act 1984 (section 1),Article for use in theft,A no further action disposal,,False
Person search,2024-08-31T00:21:50+00:00,,,51.452951,-2.576658,Male,25-34,Other ethnic group - Not stated,Black,Misuse of Drugs Act 1971 (section 23),Controlled drugs,Arrest,,False
Person search,2024-08-31T00:24:00+00:00,,,51.454404,-2.593529,Male,18-24,White - English/Welsh/Scottish/Northern Irish/British,White,Misuse of Drugs Act 1971 (section 23),Controlled drugs,A no further action disposal,,False
Person search,2024-08-31T00:24:00+00:00,,,51.454404,-2.593529,Male,18-24,White - English/Welsh/Scottish/Northern Irish/British,White,Misuse of Drugs Act 1971 (section 23),Controlled drugs,Community resolution,True,False
Person search,2024-08-31T01:08:50+00:00,,,51.453357,-2.597833,Male,25-34,White - English/Welsh/Scottish/Northern Irish/British,White,Misuse of Drugs Act 1971 (section 23),Controlled drugs,Khat or Cannabis warning,,False
Person search,2024-08-31T01:35:30+00:00,,,50.943910,-2.610587,Male,18-24,Other ethnic group - Not stated,White,Misuse of Drugs Act 1971 (section 23),Controlled drugs,A no further action disposal,,False
Person search,2024-08-31T01:35:30+00:00,,,50.943910,-2.610587,Male,10-17,White - English/Welsh/Scottish/Northern Irish/British,White,Misuse of Drugs Act 1971 (section 23),Controlled drugs,Arrest,True,False
Person search,2024-08-31T01:35:30+00:00,,,50.952280,-2.631340,Male,18-24,Other ethnic group - Not stated,Black,Misuse of Drugs Act 1971 (section 23),Controlled drugs,A no further action disposal,,False
Person search,2024-08-31T01:56:21+00:00,,,51.435529,-2.607929,Male,18-24,Other ethnic group - Not stated,Mixed,Police and Criminal Evidence Act 1984 (section 1),Articles for use in criminal damage,A no further action disposal,,False
Person and Vehicle search,2024-08-31T03:40:10+00:00,,,51.495249,-2.674035,Female,25-34,White - English/Welsh/Scottish/Northern Irish/British,White,Misuse of Drugs Act 1971 (section 23),Controlled drugs,A no further action disposal,,False
Person search,2024-08-31T09:17:25+00:00,,,51.463365,-2.568901,Male,18-24,Black/African/Caribbean/Black British - African,Black,Misuse of Drugs Act 1971 (section 23),Controlled drugs,A no further action disposal,,False
Person search,2024-08-31T11:47:48+00:00,,,,,Male,18-24,White - English/Welsh/Scottish/Northern Irish/British,,,,,,
Person and Vehicle search,2024-08-31T12:29:26+00:00,,,51.473962,-2.595136,Male,25-34,White - Any other White background,White,Misuse of Drugs Act 1971 (section 23),Controlled drugs,Arrest,,False
Person search,2024-08-31T13:02:41+00:00,,,,,Male,18-24,White - English/Welsh/Scottish/Northern Irish/British,,,,,,
Person search,2024-08-31T13:52:25+00:00,,,51.456685,-2.586981,Male,18-24,White - English/Welsh/Scottish/Northern Irish/British,White,Firearms Act 1968 (section 47),Firearms,A no further action disposal,True,False
Person search,2024-08-31T14:02:45+00:00,,,51.505370,-2.485641,Male,over 34,White - English/Welsh/Scottish/Northern Irish/British,White,Police and Criminal Evidence Act 1984 (section 1),Stolen goods,Arrest,True,False
Person search,2024-08-31T15:25:48+00:00,,,,,Male,over 34,Black/African/Caribbean/Black British - Caribbean,Black,,,,,
Person search,2024-08-31T15:25:48+00:00,,,,,Male,25-34,White - English/Welsh/Scottish/Northern Irish/British,White,,,,,
Person search,2024-08-31T16:00:11+00:00,,,51.459271,-2.550570,Male,25-34,White - English/Welsh/Scottish/Northern Irish/British,White,Police and Criminal Evidence Act 1984 (section 1),Article for use in theft,A no further action disposal,,False
Person search,2024-08-31T20:54:42+00:00,,,51.147796,-2.717099,Male,over 34,White - English/Welsh/Scottish/Northern Irish/British,White,Police and Criminal Evidence Act 1984 (section 1),Article for use in theft,A no further action disposal,,False
